Date,Name,Year,Letterboxd URI,Rating,Rewatch,Tags,Watched Date
2020-07-27,Gurren Lagann,2007,https://boxd.it/1gRdp7,3.5,,,2020-07-26
2020-07-28,Cowboy Bebop,1998,https://boxd.it/1gTTpn,4.5,,,2020-07-27
2020-07-28,Over the Garden Wall,2014,https://boxd.it/1gUVtN,4.5,,,2020-07-27
2020-07-28,Booksmart,2019,https://boxd.it/1gWbth,4,,,2020-07-27
2020-07-29,Mononoke,2007,https://boxd.it/1h0VXP,4.5,,,2020-07-28
2020-07-29,Rango,2011,https://boxd.it/1h3upn,,Yes,w/ lukas,2020-07-28
2020-07-29,A Ghost Story,2017,https://boxd.it/1h3TWr,4,,,2020-07-29
2020-07-30,Burning,2018,https://boxd.it/1h9btR,4.5,,,2020-07-29
2020-07-30,Boy & the World,2013,https://boxd.it/1h9FkF,,,w/ lukas,2020-07-30
2020-07-31,My Entire High School Sinking Into the Sea,2016,https://boxd.it/1hbRqz,3.5,,,2020-07-30
2020-07-31,The Killing of a Sacred Deer,2017,https://boxd.it/1hdw7b,4.5,,,2020-07-30
2020-07-31,Blue Ruin,2013,https://boxd.it/1hf7hp,3.5,,,2020-07-30
2020-07-31,Midsommar,2019,https://boxd.it/1hfSmV,4,,w/ lukas,2020-07-31
2020-08-01,I Lost My Body,2019,https://boxd.it/1hhWB5,3.5,,,2020-07-31
2020-08-01,Marriage Story,2019,https://boxd.it/1hjbhB,4.5,,,2020-07-31
2020-08-01,Roma,2018,https://boxd.it/1hkYk7,4,,,2020-07-31
2020-08-01,Mirai,2018,https://boxd.it/1hlztv,3,,,2020-08-01
2020-08-02,Portrait of a Lady on Fire,2019,https://boxd.it/1hq5nH,4.5,,,2020-08-01
2020-08-02,Mishima: A Life in Four Chapters,1985,https://boxd.it/1hrupF,4.5,,,2020-08-01
2020-08-02,Melancholia,2011,https://boxd.it/1hs6nd,2.5,,,2020-08-02
2020-08-03,Stalker,1979,https://boxd.it/1hyWh9,5,,,2020-08-02
2020-08-03,Frances Ha,2012,https://boxd.it/1hzpwd,4,,,2020-08-03
2020-08-04,Andrei Rublev,1966,https://boxd.it/1hE06f,5,,,2020-08-03
2020-08-04,Mirror,1975,https://boxd.it/1hEXhB,4,,,2020-08-03
2020-08-04,Swiss Army Man,2016,https://boxd.it/1hFr6D,3.5,,,2020-08-04
2020-08-05,My Life as a Zucchini,2016,https://boxd.it/1hLB1b,4,Yes,,2020-08-04
2020-08-05,The Breadwinner,2017,https://boxd.it/1hM7lx,3.5,,,2020-08-05
2020-08-06,The Sacrifice,1986,https://boxd.it/1hPQ4n,4,,w/ lukas,2020-08-05
2020-08-06,The Night Comes for Us,2018,https://boxd.it/1hQOUN,,Yes,,2020-08-05
2020-08-07,Shoplifters,2018,https://boxd.it/1hUWL3,4,,,2020-08-06
2020-08-07,House,1977,https://boxd.it/1hWRpF,,,w/ lukas,2020-08-06
2020-08-08,April and the Extraordinary World,2015,https://boxd.it/1i1p1Z,3.5,,,2020-08-07
2020-08-08,The Steamroller and the Violin,1961,https://boxd.it/1i1K7T,3.5,,,2020-08-07
2020-08-08,Mountain,2017,https://boxd.it/1i2OXh,3,,,2020-08-07
2020-08-08,Where Is the Friend's House?,1987,https://boxd.it/1i3Fbv,4.5,,,2020-08-07
2020-08-09,9,2009,https://boxd.it/1ibmi9,3,,,2020-08-09
2020-08-10,Idiots and Angels,2008,https://boxd.it/1igggV,3.5,,,2020-08-09
2020-08-10,Palm Springs,2020,https://boxd.it/1iin8j,4,,w/ lukas,2020-08-09
2020-08-10,Cheatin',2013,https://boxd.it/1iiKuH,2.5,,,2020-08-10
2020-08-11,She's Gotta Have It,1986,https://boxd.it/1inIBL,3.5,,,2020-08-10
2020-08-12,Once Upon a Time… in Hollywood,2019,https://boxd.it/1isS27,4,,w/ lukas,2020-08-11
2020-08-12,No Country for Old Men,2007,https://boxd.it/1iuVsL,5,Yes,w/ lukas,2020-08-11
2020-08-12,Creep,2014,https://boxd.it/1ivsFD,3,,,2020-08-11
2020-08-13,Burn After Reading,2008,https://boxd.it/1izcnL,3.5,,,2020-08-12
2020-08-13,Eraserhead,1977,https://boxd.it/1izU6J,4,,,2020-08-12
2020-08-14,Brazil,1985,https://boxd.it/1iHP6F,4.5,,w/ lukas,2020-08-13
2020-08-15,Mad Max,1979,https://boxd.it/1iKW3z,3.5,,,2020-08-14
2020-08-15,The Vanishing,1988,https://boxd.it/1iNCGd,4,,,2020-08-14
2020-08-16,First Reformed,2017,https://boxd.it/1iUMfv,5,,,2020-08-15
2020-08-17,You Were Never Really Here,2017,https://boxd.it/1j01f1,4,,,2020-08-16
2020-08-17,The Lighthouse,2019,https://boxd.it/1j2t45,5,,w/ lukas,2020-08-16
2020-08-18,High Life,2018,https://boxd.it/1j6LFh,4,,,2020-08-17
2020-08-18,mid90s,2018,https://boxd.it/1j9tyX,3.5,,,2020-08-18
2020-08-19,Honey Boy,2019,https://boxd.it/1jcmSH,4,,,2020-08-18
2020-08-24,Inside Llewyn Davis,2013,https://boxd.it/1jK6bv,5,,,2020-08-23
2020-08-25,La La Land,2016,https://boxd.it/1jQBeR,4.5,,,2020-08-24
2020-08-26,Black Mirror: White Christmas,2014,https://boxd.it/1jUiq3,4,Yes,,2020-08-25
2020-08-26,Step Brothers,2008,https://boxd.it/1jWNKd,,,w/ lukas,2020-08-26
2020-08-27,Sunset Boulevard,1950,https://boxd.it/1k0UPH,4,,,2020-08-26
2020-08-27,The Handmaiden,2016,https://boxd.it/1k2NzL,4.5,,,2020-08-27
2020-08-27,Climax,2018,https://boxd.it/1k38wN,4,,w/ lukas,2020-08-27
2020-08-28,Anima,2019,https://boxd.it/1k9r8R,,,,2020-08-28
2020-08-30,Inception,2010,https://boxd.it/1kn8c9,4.5,,,2020-08-29
2020-08-31,The Young and the Damned,1950,https://boxd.it/1ksQ0B,3.5,,,2020-08-30
2020-08-31,Hereditary,2018,https://boxd.it/1kvaG7,4.5,,,2020-08-31
2020-09-01,The Witch,2015,https://boxd.it/1kBcth,4,,,2020-08-31
2020-09-02,The Master,2012,https://boxd.it/1kHUub,4.5,,,2020-09-02
2020-09-03,Neon Genesis Evangelion: The End of Evangelion,1997,https://boxd.it/1kOiXt,5,Yes,,2020-09-03
2020-09-04,Persona,1966,https://boxd.it/1kTr0v,5,,,2020-09-03
2020-09-05,I'm Thinking of Ending Things,2020,https://boxd.it/1kXjav,4,,w/ lukas,2020-09-04
2020-09-05,La Haine,1995,https://boxd.it/1kZUO7,4.5,,,2020-09-04
2020-09-06,Ivan's Childhood,1962,https://boxd.it/1l764p,4.5,,,2020-09-05
2020-09-07,Project Power,2020,https://boxd.it/1ldnsP,2,,,2020-09-06
2020-09-07,The Face of Another,1966,https://boxd.it/1lfvdR,3.5,,,2020-09-06
2020-09-08,Three Colours: Red,1994,https://boxd.it/1ljwLj,4.5,,w/ lukas,2020-09-07
2020-09-08,The Willoughbys,2020,https://boxd.it/1lliNT,3,,,2020-09-07
2020-09-08,Due Date,2010,https://boxd.it/1ln2ip,,,w/ lukas,2020-09-08
2020-09-09,Get Duked!,2019,https://boxd.it/1ltjQZ,3.5,,,2020-09-09
2020-09-10,Three Colours: Blue,1993,https://boxd.it/1lygIX,4,,w/ lukas,2020-09-09
2020-09-10,Suspiria,2018,https://boxd.it/1lyYgN,4,,,2020-09-10
2020-09-11,Blow the Man Down,2019,https://boxd.it/1lCyVN,3.5,,,2020-09-10
2020-09-11,Guns Akimbo,2019,https://boxd.it/1lDgnl,1,,,2020-09-10
2020-09-11,Ghost in the Shell,1995,https://boxd.it/1lEnZ9,4,,,2020-09-10
2020-09-12,Paterson,2016,https://boxd.it/1lIEon,4,,,2020-09-11
2020-09-12,The Interview,2014,https://boxd.it/1lLcqh,,,w/ lukas,2020-09-12
2020-09-13,Cries and Whispers,1972,https://boxd.it/1lRx8P,4.5,,,2020-09-12
2020-09-15,Being John Malkovich,1999,https://boxd.it/1m5d5z,4,,,2020-09-14
2020-09-16,Winter Light,1963,https://boxd.it/1mb7Eb,4,,,2020-09-15
2020-09-23,Eternal Sunshine of the Spotless Mind,2004,https://boxd.it/1mTK8V,4.5,,,2020-09-22
2020-09-25,Punch-Drunk Love,2002,https://boxd.it/1n4ESb,4.5,,,2020-09-24
2020-09-28,Requiem for a Dream,2000,https://boxd.it/1np1bJ,4,,,2020-09-27
2020-10-02,Persona,1966,https://boxd.it/1nLxUP,5,Yes,,2020-10-01
2020-10-07,We Need to Talk About Kevin,2011,https://boxd.it/1okTXB,4,,,2020-10-06
2020-10-08,Drive,2011,https://boxd.it/1orsmx,4.5,Yes,,2020-10-07
2020-10-09,In This Corner of the World,2016,https://boxd.it/1oxTZX,3.5,,,2020-10-09
2020-10-11,Enola Holmes,2020,https://boxd.it/1oLXCV,2,,w/ lukas,2020-10-10
2020-10-12,Halloween,1978,https://boxd.it/1oTmIj,3.5,,w/ lukas,2020-10-11
2020-10-13,Inside Llewyn Davis,2013,https://boxd.it/1oZjNH,5,Yes,w/ lukas,2020-10-12
2020-10-14,Ichi the Killer,2001,https://boxd.it/1p65Nx,3.5,,w/ lukas,2020-10-13
2020-10-16,Mandy,2018,https://boxd.it/1phn7B,4,,w/ lukas,2020-10-15
2020-10-18,Enter the Void,2009,https://boxd.it/1pusS9,4.5,,,2020-10-17
2020-10-26,Borat Subsequent Moviefilm,2020,https://boxd.it/1qn9pH,3.5,,w/ lukas,2020-10-25
2020-11-08,A Clockwork Orange,1971,https://boxd.it/1rSWfR,4,Yes,,2020-11-08
2020-11-11,The Pirates! In an Adventure with Scientists!,2012,https://boxd.it/1saZ4t,3.5,,w/ lukas,2020-11-10
2020-11-11,Lost in Translation,2003,https://boxd.it/1sbMn5,4.5,,,2020-11-11
2020-11-12,A Shaun the Sheep Movie: Farmageddon,2019,https://boxd.it/1sfSTp,3.5,,w/ lukas,2020-11-11
2020-11-12,Twin Peaks,1989,https://boxd.it/1sgRQV,,,,2020-11-11
2020-11-13,The Lego Movie,2014,https://boxd.it/1smAsp,4,,w/ lukas,2020-11-12
2020-11-14,Pokémon Detective Pikachu,2019,https://boxd.it/1ssdv3,2,,w/ lukas,2020-11-13
2020-11-14,Invader Zim: Enter the Florpus,2019,https://boxd.it/1sstUj,4,,,2020-11-14
2020-11-15,The Red Turtle,2016,https://boxd.it/1sytQX,4,,,2020-11-14
2020-11-15,Twin Peaks: Fire Walk with Me,1992,https://boxd.it/1szHUV,4.5,,,2020-11-14
2020-11-16,The Squid and the Whale,2005,https://boxd.it/1sFzZl,3.5,,,2020-11-15
2020-11-17,Children of Men,2006,https://boxd.it/1sLeGz,4.5,,,2020-11-16
2020-11-17,Paddleton,2019,https://boxd.it/1sMtMJ,3.5,,,2020-11-16
2020-11-18,Dick Johnson Is Dead,2020,https://boxd.it/1sSghv,3.5,,,2020-11-17
2020-11-18,The Platform,2019,https://boxd.it/1sSE75,3.5,,,2020-11-17
2020-11-19,Fantastic Mr. Fox,2009,https://boxd.it/1sVHIp,4.5,Yes,,2020-11-18
2020-11-19,L'Argent,1983,https://boxd.it/1sXQjd,4,,,2020-11-18
2020-11-20,Isle of Dogs,2018,https://boxd.it/1t3Xs9,4,Yes,on phone,2020-11-20
2020-11-26,#Alive,2020,https://boxd.it/1tHVBD,3,,,2020-11-25
2020-11-27,The Croods,2013,https://boxd.it/1tLZgx,2.5,,on phone,2020-11-26
2020-11-27,Song of the Sea,2014,https://boxd.it/1tLZsX,4,Yes,on phone,2020-11-26
2020-11-27,His House,2020,https://boxd.it/1tNwwv,3.5,,,2020-11-26
2020-11-28,The Royal Tenenbaums,2001,https://boxd.it/1tWeRj,4,,w/ lukas,2020-11-28
2020-11-29,Rushmore,1998,https://boxd.it/1u3URT,4,,,2020-11-28
2020-11-30,The Life Aquatic with Steve Zissou,2004,https://boxd.it/1ucsBL,3.5,,,2020-11-29
2020-12-01,The Last Black Man in San Francisco,2019,https://boxd.it/1ujiGv,4,,,2020-11-30
2020-12-02,The Neon Demon,2016,https://boxd.it/1upVOv,,,,2020-12-02
2020-12-03,Polytechnique,2009,https://boxd.it/1urWoH,2.5,,,2020-12-02
2020-12-03,Enter the Void,2009,https://boxd.it/1uvxLT,4.5,Yes,"blu-ray, w/ lukas",2020-12-03
2020-12-04,Lovers Rock,2020,https://boxd.it/1uBHg9,3.5,,,2020-12-03
2020-12-05,Klaus,2019,https://boxd.it/1uJ92X,4,,w/ lukas,2020-12-05
2020-12-06,Sound of Metal,2019,https://boxd.it/1uRhs1,4.5,,w/ lukas,2020-12-05
2020-12-07,Manchester by the Sea,2016,https://boxd.it/1uZMjP,5,,,2020-12-06
2020-12-08,The Usual Suspects,1995,https://boxd.it/1v6LnZ,,,,2020-12-07
2020-12-09,The Killing,1956,https://boxd.it/1vcBfj,3.5,,,2020-12-08
2020-12-09,"Red, White and Blue",2020,https://boxd.it/1vd64h,3.5,,,2020-12-08
2020-12-10,Harold and Maude,1971,https://boxd.it/1vfGit,3,,,2020-12-09
2020-12-10,Reservoir Dogs,1992,https://boxd.it/1via5N,4.5,Yes,,2020-12-09
2020-12-10,Call Me by Your Name,2017,https://boxd.it/1vjeA3,4.5,,"w/ lukas, blu-ray",2020-12-09
2020-12-11,Princess Mononoke,1997,https://boxd.it/1vnSep,5,Yes,w/ lukas,2020-12-10
2020-12-11,"O Brother, Where Art Thou?",2000,https://boxd.it/1voyEz,4,,,2020-12-10
2020-12-12,Cold War,2018,https://boxd.it/1vv0Gb,5,Yes,,2020-12-11
2020-12-12,Alex Wheatle,2020,https://boxd.it/1vvgLh,3,,,2020-12-12
2020-12-14,Hard Eight,1996,https://boxd.it/1vLqmj,3.5,,,2020-12-13
2020-12-15,The Virgin Suicides,1999,https://boxd.it/1vRJBf,3,,,2020-12-14
2020-12-16,Night of the Living Dead,1968,https://boxd.it/1vXYwh,3.5,,,2020-12-15
2020-12-17,Mangrove,2020,https://boxd.it/1w0GJt,4,,,2020-12-16
2020-12-17,Amélie,2001,https://boxd.it/1w2Km3,4,,,2020-12-16
2020-12-17,Opera,1987,https://boxd.it/1w3Km5,3.5,,,2020-12-16
2020-12-18,Education,2020,https://boxd.it/1wayn5,3,,,2020-12-17
2020-12-19,The Fog,1980,https://boxd.it/1whzu1,2.5,,,2020-12-18
2020-12-19,Ernest & Celestine,2012,https://boxd.it/1whRjP,4.5,,,2020-12-19
2020-12-20,Swans: Where Does a Body End?,2019,https://boxd.it/1wpSCJ,3.5,,,2020-12-20
2020-12-21,ThanksKilling,2008,https://boxd.it/1wvHwn,,,,2020-12-20
2020-12-21,Deep Red,1975,https://boxd.it/1wy8A1,3,,,2020-12-20
2020-12-21,Evil Dead II,1987,https://boxd.it/1wywEB,5,,,2020-12-21
2020-12-22,The Slumber Party Massacre,1982,https://boxd.it/1wCUHH,3,,,2020-12-21
2020-12-22,Stranger Than Paradise,1984,https://boxd.it/1wEfBn,4.5,,,2020-12-21
2020-12-22,Solaris,1972,https://boxd.it/1wGutx,4.5,,,2020-12-22
2020-12-23,Ma Rainey's Black Bottom,2020,https://boxd.it/1wKK05,3.5,,,2020-12-22
2020-12-23,2001: A Space Odyssey,1968,https://boxd.it/1wOq2j,4,,,2020-12-23
2020-12-24,Never Rarely Sometimes Always,2020,https://boxd.it/1wVbaL,4,,,2020-12-23
2020-12-24,Time,2020,https://boxd.it/1wVXkf,4,,,2020-12-23
2020-12-26,Soul,2020,https://boxd.it/1xfRSZ,4.5,,w/ lukas,2020-12-25
2020-12-27,Tigertail,2020,https://boxd.it/1xkFD9,3.5,,,2020-12-26
2020-12-27,City of God,2002,https://boxd.it/1xrhIN,4.5,,,2020-12-26
2020-12-27,Over the Moon,2020,https://boxd.it/1xrW8B,2,,,2020-12-27
2020-12-28,On the Rocks,2020,https://boxd.it/1xzS4L,3.5,,,2020-12-27
2020-12-28,Wolfwalkers,2020,https://boxd.it/1xCY0r,4,,w/ lukas,2020-12-27
2020-12-28,Le Samouraï,1967,https://boxd.it/1xE6CF,4.5,,,2020-12-27
2020-12-29,Autumn Sonata,1978,https://boxd.it/1xJaf1,4,,,2020-12-28
2020-12-29,Videodrome,1983,https://boxd.it/1xOebH,4.5,,"w/ lukas, blu-ray",2020-12-28
2020-12-29,In the Mood for Love,2000,https://boxd.it/1xOTTl,4,,,2020-12-28
2020-12-30,Before Sunrise,1995,https://boxd.it/1xTSeB,3.5,,,2020-12-29
2020-12-30,Before Sunset,2004,https://boxd.it/1xVQW1,3.5,,,2020-12-29
2020-12-30,The Grand Budapest Hotel,2014,https://boxd.it/1xYJtx,5,,"w/ lukas, blu-ray",2020-12-29
2020-12-31,The 400 Blows,1959,https://boxd.it/1y5Jit,4,,,2020-12-30
2020-12-31,Da 5 Bloods,2020,https://boxd.it/1y9id5,,,,2020-12-31
2021-01-01,Mulholland Drive,2001,https://boxd.it/1yfof9,4.5,,"w/ lukas, blu-ray",2020-12-31
2021-01-01,Phantom Thread,2017,https://boxd.it/1yi94L,5,,,2020-12-31
2021-01-02,The Master,2012,https://boxd.it/1yoK4l,4,Yes,,2021-01-01
2021-01-02,20th Century Women,2016,https://boxd.it/1yutvh,4,,,2021-01-01
2021-01-02,The Meyerowitz Stories (New and Selected),2017,https://boxd.it/1yx3Kh,4,,,2021-01-02
2021-01-03,Django Unchained,2012,https://boxd.it/1yLmCf,3.5,,,2021-01-03
2021-01-04,The Hateful Eight,2015,https://boxd.it/1yXVXh,4,,,2021-01-03
2021-01-05,The Departed,2006,https://boxd.it/1z8c1f,4,Yes,,2021-01-04
2021-01-06,The Evil Dead,1981,https://boxd.it/1zgdPh,3.5,,,2021-01-05
2021-01-06,The Holy Mountain,1973,https://boxd.it/1zhaPP,3.5,,,2021-01-05
2021-01-07,Kill la Kill,2013,https://boxd.it/1zkIdB,3,,on phone,2021-01-06
2021-01-07,Ida,2013,https://boxd.it/1zodnX,3.5,,,2021-01-06
2021-01-08,Funny Games,1997,https://boxd.it/1zvkWp,4,,w/ lukas,2021-01-07
2021-01-09,The Turin Horse,2011,https://boxd.it/1zGUtP,4.5,,,2021-01-09
2021-01-10,Evil Dead II,1987,https://boxd.it/1zNSnT,5,Yes,"blu-ray, w/ lukas",2021-01-09
2021-01-10,The Irishman,2019,https://boxd.it/1zRHDT,4,,,2021-01-10
2021-01-11,Mank,2020,https://boxd.it/1zZ45T,3,,,2021-01-10
2021-01-12,Cold War,2018,https://boxd.it/1Aa7cP,5,Yes,"blu-ray, w/ lukas",2021-01-11
2021-01-12,Death Note,2006,https://boxd.it/1AaBPH,4,,,2021-01-11
2021-01-13,Death Note,2017,https://boxd.it/1AgMO3,0.5,,,2021-01-12
2021-01-13,Eraserhead,1977,https://boxd.it/1AjecZ,4.5,Yes,"w/ lukas, blu-ray",2021-01-12
2021-01-13,A Serious Man,2009,https://boxd.it/1Akz45,3.5,,,2021-01-12
2021-01-14,Hubie Halloween,2020,https://boxd.it/1AtC5t,2,,,2021-01-13
2021-01-14,"Hail, Caesar!",2016,https://boxd.it/1AuEep,3,,,2021-01-13
2021-01-15,Extraction,2020,https://boxd.it/1AzWaP,,,,2021-01-14
2021-01-15,Carol,2015,https://boxd.it/1AE6wT,3,,,2021-01-14
2021-01-16,Violet Evergarden,2018,https://boxd.it/1AHHOL,2.5,,,2021-01-15
2021-01-16,We Can Be Heroes,2020,https://boxd.it/1AIGIT,2.5,,,2021-01-15
2021-01-16,"Violet Evergarden: The Day You Will Understand ""Love"" Will Surely Come",2018,https://boxd.it/1AJuML,3,,,2021-01-15
2021-01-16,Blue Velvet,1986,https://boxd.it/1AOrTp,4,,"w/ lukas, blu-ray",2021-01-15
2021-01-17,Superbad,2007,https://boxd.it/1AYJnh,4.5,,,2021-01-16
2021-01-17,Night on Earth,1991,https://boxd.it/1B0kS9,4,,,2021-01-17
2021-01-18,Beastie Boys Story,2020,https://boxd.it/1Bacv7,4,,w/ lukas,2021-01-17
2021-01-19,American Honey,2016,https://boxd.it/1BjZzb,3.5,,,2021-01-18
2021-01-20,Whiplash,2014,https://boxd.it/1BsezB,4.5,Yes,w/ lukas,2021-01-19
2021-01-21,Eraserhead,1977,https://boxd.it/1BxwSV,5,Yes,blu-ray,2021-01-20
2021-01-21,Violet Evergarden: Eternity and the Auto Memory Doll,2019,https://boxd.it/1BAS5R,3.5,,,2021-01-20
2021-01-22,The Ballad of Buster Scruggs,2018,https://boxd.it/1BIh9X,3.5,,,2021-01-21
2021-01-23,All Dogs Go to Heaven,1989,https://boxd.it/1BMLoV,3,,,2021-01-22
2021-01-23,Stalker,1979,https://boxd.it/1BRqHd,5,Yes,"blu-ray, w/ lukas",2021-01-23
2021-01-24,The Queen's Gambit,2020,https://boxd.it/1BYgDT,3.5,,,2021-01-23
2021-01-24,La Haine,1995,https://boxd.it/1C1BlH,5,Yes,w/ lukas,2021-01-23
2021-01-24,Modest Heroes,2018,https://boxd.it/1C2cJV,3.5,,,2021-01-24
2021-01-25,Beau Travail,1999,https://boxd.it/1C7CXJ,5,,,2021-01-24
2021-01-25,Kuroneko,1968,https://boxd.it/1Ccj3d,3.5,,w/ lukas,2021-01-24
2021-01-26,Killer Klowns from Outer Space,1988,https://boxd.it/1CfVa3,3.5,,,2021-01-25
2021-01-26,Tampopo,1985,https://boxd.it/1CjKdD,4,,w/ lukas,2021-01-25
2021-01-26,Fishing with John,1991,https://boxd.it/1Ck6jX,,,on phone,2021-01-25
2021-01-27,The White Tiger,2021,https://boxd.it/1Codwn,3.5,,,2021-01-26
2021-01-27,"Paris, Texas",1984,https://boxd.it/1Cqfg1,4,,w/ lukas,2021-01-26
2021-01-27,Pickpocket,1959,https://boxd.it/1CrWHB,4,,,2021-01-26
2021-01-28,Kirikou and the Sorceress,1998,https://boxd.it/1Cyegb,3.5,,,2021-01-27
2021-01-28,The Seventh Seal,1957,https://boxd.it/1CzQyz,4.5,,w/ lukas,2021-01-27
2021-01-29,Penguins of Madagascar,2014,https://boxd.it/1CDm3p,,Yes,,2021-01-28
2021-01-29,Sympathy for Mr. Vengeance,2002,https://boxd.it/1CGJbH,4.5,,w/ lukas,2021-01-28
2021-01-30,The Dig,2021,https://boxd.it/1CKr1x,3,,,2021-01-29
2021-01-30,Gnome Alone,2017,https://boxd.it/1CLgQV,1,,,2021-01-29
2021-01-30,Marketa Lazarová,1967,https://boxd.it/1CPLfJ,5,,,2021-01-30
2021-02-01,"Yes, God, Yes",2019,https://boxd.it/1Dbk31,3,,,2021-01-31
2021-02-02,Below Zero,2021,https://boxd.it/1DfyNb,3,,,2021-02-01
2021-02-02,The Ascent,1977,https://boxd.it/1DkoZ7,5,,,2021-02-01
2021-02-03,Palmer,2021,https://boxd.it/1DoTcX,3,,,2021-02-02
2021-02-04,Lady Vengeance,2005,https://boxd.it/1Dy8Dn,4,,w/ lukas,2021-02-03
2021-02-05,Days of Heaven,1978,https://boxd.it/1DFWxX,3.5,,w/ lukas,2021-02-04
2021-02-05,Taste of Cherry,1997,https://boxd.it/1DI5Jx,5,,,2021-02-04
2021-02-06,Paths of Glory,1957,https://boxd.it/1DN3vt,4.5,,w/ lukas,2021-02-05
2021-02-07,Knives Out,2019,https://boxd.it/1E0LKt,4,Yes,w/ lukas,2021-02-06
2021-02-08,Star Wars: Episode I – The Phantom Menace,1999,https://boxd.it/1EaLa1,,Yes,w/ lukas,2021-02-07
2021-02-09,The Kid,1921,https://boxd.it/1EexOp,3,,,2021-02-08
2021-02-09,Star Wars: Episode II – Attack of the Clones,2002,https://boxd.it/1Ejctb,,Yes,w/ lukas,2021-02-08
2021-02-10,Modern Times,1936,https://boxd.it/1Ems93,3.5,,,2021-02-09
2021-02-10,Star Wars: Episode III – Revenge of the Sith,2005,https://boxd.it/1EpW81,,Yes,w/ lukas,2021-02-09
2021-02-11,Star Wars,1977,https://boxd.it/1EwrD7,4.5,Yes,w/ lukas,2021-02-10
2021-02-12,A Dog's Life,1918,https://boxd.it/1EB9Kf,3,,,2021-02-11
2021-02-12,The Empire Strikes Back,1980,https://boxd.it/1EDFlb,5,Yes,w/ lukas,2021-02-11
2021-02-12,Return of the Jedi,1983,https://boxd.it/1EFOr7,4.5,Yes,w/ lukas,2021-02-11
2021-02-13,Star Wars: The Force Awakens,2015,https://boxd.it/1EOIef,3.5,Yes,w/ lukas,2021-02-12
2021-02-14,Star Wars: The Last Jedi,2017,https://boxd.it/1EZ2Al,4,Yes,w/ lukas,2021-02-13
2021-02-15,Chungking Express,1994,https://boxd.it/1F7KTn,4,,,2021-02-14
2021-02-15,Star Wars: The Rise of Skywalker,2019,https://boxd.it/1F9VvP,2.5,,w/ lukas,2021-02-14
2021-02-16,Rogue One: A Star Wars Story,2016,https://boxd.it/1FjT9d,2.5,Yes,w/ lukas,2021-02-15
2021-02-17,Fallen Angels,1995,https://boxd.it/1Fr00V,4.5,,,2021-02-16
2021-02-17,Solo: A Star Wars Story,2018,https://boxd.it/1FsIAl,3,Yes,w/ lukas,2021-02-16
2021-02-18,Yi Yi,2000,https://boxd.it/1FBmgr,4.5,,,2021-02-17
2021-02-19,A Brighter Summer Day,1991,https://boxd.it/1FJmU3,5,,,2021-02-18
2021-02-20,Malcolm & Marie,2021,https://boxd.it/1FMGRf,,,,2021-02-19
2021-02-20,Fanny and Alexander,1982,https://boxd.it/1FSc37,5,,,2021-02-19
2021-02-21,Close-Up,1990,https://boxd.it/1FX3Gp,4,,,2021-02-20
2021-02-21,The Passion of Joan of Arc,1928,https://boxd.it/1FYvMd,4,,,2021-02-20
2021-02-21,Under the Skin,2013,https://boxd.it/1G2Ith,4.5,,"w/ lukas, blu-ray",2021-02-20
2021-02-22,Wild Strawberries,1957,https://boxd.it/1Gd9Kp,3.5,,,2021-02-21
2021-02-23,The Little Things,2021,https://boxd.it/1GhmjJ,2.5,,,2021-02-22
2021-02-23,Se7en,1995,https://boxd.it/1GlbKd,4,Yes,w/ lukas,2021-02-22
2021-02-24,GoodFellas,1990,https://boxd.it/1Gt3LN,4.5,,w/ lukas,2021-02-23
2021-02-25,Dr. Strangelove or: How I Learned to Stop Worrying and Love the Bomb,1964,https://boxd.it/1GAq3t,4,,w/ lukas,2021-02-24
2021-02-26,Paper Moon,1973,https://boxd.it/1GDwtD,4.5,,,2021-02-25
2021-02-26,The Grand Budapest Hotel,2014,https://boxd.it/1GGu3T,5,Yes,"w/ lukas, blu-ray",2021-02-25
2021-02-27,Blade Runner 2049,2017,https://boxd.it/1GPCxv,5,,"w/ lukas, blu-ray",2021-02-26
2021-02-28,The Shape of Water,2017,https://boxd.it/1GX2XN,4,,,2021-02-27
2021-03-01,The Texas Chain Saw Massacre,1974,https://boxd.it/1H9cWp,4,,w/ lukas,2021-02-28
2021-03-02,Old Joy,2006,https://boxd.it/1HfxuN,,,,2021-03-01
2021-03-02,Rushmore,1998,https://boxd.it/1HgNUz,4.5,Yes,"w/ lukas, blu-ray",2021-03-01
2021-03-03,Following,1998,https://boxd.it/1Hke6n,3,,,2021-03-02
2021-03-03,Back to the Future,1985,https://boxd.it/1HoyuR,4,,w/ lukas,2021-03-02
2021-03-04,The Double Life of Véronique,1991,https://boxd.it/1HvEGt,4.5,,w/ lukas,2021-03-03
2021-03-05,Badlands,1973,https://boxd.it/1HBooP,3.5,,w/ lukas,2021-03-04
2021-03-06,Black Mirror: Shut Up and Dance,2016,https://boxd.it/1HG1El,3,,,2021-03-05
2021-03-06,Black Mirror: Nosedive,2016,https://boxd.it/1HGJcZ,3.5,,,2021-03-05
2021-03-06,The Lure,2015,https://boxd.it/1HL00p,3,,w/ lukas,2021-03-05
2021-03-06,The Truman Show,1998,https://boxd.it/1HLYJJ,4,,w/ lukas,2021-03-06
2021-03-07,Twilight,2008,https://boxd.it/1HTcDT,,,,2021-03-06
2021-03-07,Little Miss Sunshine,2006,https://boxd.it/1HWlcj,4,,,2021-03-06
2021-03-07,We Bare Bears: The Movie,2020,https://boxd.it/1HWlR7,3,,,2021-03-06
2021-03-08,Minari,2020,https://boxd.it/1I3rcj,4,,"in theater, w/ lukas",2021-03-07
2021-03-08,Slow West,2015,https://boxd.it/1I5Ter,4.5,,,2021-03-07
2021-03-09,Black Mirror: Playtest,2016,https://boxd.it/1I99T7,3,,,2021-03-08
2021-03-09,Black Mirror: San Junipero,2016,https://boxd.it/1Iacf7,4,,,2021-03-08
2021-03-09,Punch-Drunk Love,2002,https://boxd.it/1IdCIb,4.5,Yes,"blu-ray, w/ lukas",2021-03-08
2021-03-10,Black Mirror: Men Against Fire,2016,https://boxd.it/1Ig7y1,2.5,,,2021-03-09
2021-03-10,Black Mirror: Hated in the Nation,2016,https://boxd.it/1Ih8SX,3,,,2021-03-09
2021-03-10,WandaVision,2021,https://boxd.it/1IkU6j,3.5,,w/ lukas,2021-03-09
2021-03-10,Moonrise Kingdom,2012,https://boxd.it/1IkVfh,4,Yes,"blu-ray, w/ lukas",2021-03-09
2021-03-11,8½,1963,https://boxd.it/1Is7nL,4.5,,"blu-ray, w/ lukas",2021-03-10
2021-03-13,My Neighbor Totoro,1988,https://boxd.it/1IGBxp,4.5,Yes,w/ lukas,2021-03-12
2021-03-14,A Ghost Story,2017,https://boxd.it/1IPPKv,4.5,Yes,,2021-03-13
2021-03-15,Birdboy: The Forgotten Children,2015,https://boxd.it/1IZaOh,4,,,2021-03-14
2021-03-16,Mad Max: Fury Road,2015,https://boxd.it/1J7JTR,5,Yes,"blu-ray, w/ lukas",2021-03-15
2021-03-17,2001: A Space Odyssey,1968,https://boxd.it/1JfZH9,5,Yes,"w/ lukas, blu-ray",2021-03-16
2021-03-18,The Twilight Saga: New Moon,2009,https://boxd.it/1Jna13,2,,,2021-03-17
2021-03-19,Cloudy with a Chance of Meatballs 2,2013,https://boxd.it/1Jrz0x,2.5,Yes,on phone,2021-03-18
2021-03-19,The Lorax,2012,https://boxd.it/1Jt7Gz,2,Yes,on phone,2021-03-18
2021-03-19,The Secret Life of Pets 2,2019,https://boxd.it/1JuuYX,1.5,,on phone,2021-03-18
2021-03-20,Turbo,2013,https://boxd.it/1JywuX,1.5,,on phone,2021-03-19
2021-03-20,Bee Movie,2007,https://boxd.it/1Jzy7D,2,Yes,on phone,2021-03-19
2021-03-20,Puss in Boots,2011,https://boxd.it/1JDnpp,3,Yes,on phone,2021-03-19
2021-03-21,Surf's Up,2007,https://boxd.it/1JM2jD,,Yes,on phone,2021-03-20
2021-03-26,Joker,2019,https://boxd.it/1Kpbsn,2.5,,w/ lukas,2021-03-25
2021-03-27,X-Men: First Class,2011,https://boxd.it/1KyeDr,3,Yes,w/ lukas,2021-03-26
2021-03-28,Mr. Peabody & Sherman,2014,https://boxd.it/1KC5x3,3,,on phone,2021-03-27
2021-03-31,Bad Trip,2021,https://boxd.it/1L9P7B,4,,w/ lukas,2021-03-30
2021-04-01,The Girl with the Dragon Tattoo,2011,https://boxd.it/1Lg2Hp,4,,w/ lukas,2021-03-31
2021-04-01,Taxi Driver,1976,https://boxd.it/1Lhp0Z,4.5,Yes,,2021-03-31
2021-04-02,Godzilla vs. Kong,2021,https://boxd.it/1Lqoez,2.5,,w/ lukas,2021-04-01
2021-04-03,Black Mirror: Crocodile,2017,https://boxd.it/1LtLn1,3.5,Yes,,2021-04-02
2021-04-03,Black Mirror: Arkangel,2017,https://boxd.it/1Lv8Dj,3.5,,,2021-04-02
2021-04-03,Nostalgia,1983,https://boxd.it/1LAVp1,4.5,,,2021-04-03
2021-04-04,Jennifer's Body,2009,https://boxd.it/1LLkch,4,,,2021-04-03
2021-04-04,The Twilight Saga: Eclipse,2010,https://boxd.it/1LLkpZ,2,,,2021-04-03
2021-04-05,Tetsuo: The Iron Man,1989,https://boxd.it/1LSR6P,3,,,2021-04-04
2021-04-06,Seven Samurai,1954,https://boxd.it/1M1wfz,4,,,2021-04-05
2021-04-06,After Hours,1985,https://boxd.it/1M5tWX,4.5,,w/ lukas,2021-04-05
2021-04-07,Blood Simple,1984,https://boxd.it/1Md3LZ,4,,w/ lukas,2021-04-06
2021-04-09,I Saw the Devil,2010,https://boxd.it/1MtBX3,4.5,,w/ lukas,2021-04-08
2021-04-10,Holy Motors,2012,https://boxd.it/1MBZzb,4,,,2021-04-09
2021-04-11,Kevin Hart: I'm a Grown Little Man,2009,https://boxd.it/1MNvuT,,,"w/ lukas, comedy special",2021-04-10
2021-04-12,A Girl Walks Home Alone at Night,2014,https://boxd.it/1MXsbJ,3.5,,,2021-04-11
2021-04-13,Normal People,2020,https://boxd.it/1N6fa7,4.5,,,2021-04-12
2021-04-15,Ikiru,1952,https://boxd.it/1NmKxt,4.5,,,2021-04-14
2021-04-16,Bottle Rocket,1996,https://boxd.it/1Nv7Dv,3,,w/ lukas,2021-04-15
2021-04-25,Blade Runner 2049,2017,https://boxd.it/1OMO1x,5,Yes,,2021-04-24
2021-04-25,The Wind Rises,2013,https://boxd.it/1OPG6P,4,,,2021-04-25
2021-04-26,The Twilight Saga: Breaking Dawn – Part 1,2011,https://boxd.it/1P0587,,,,2021-04-25
2021-04-27,Dogtooth,2009,https://boxd.it/1P8FO5,3,,w/ lukas,2021-04-26
2021-04-29,PlayTime,1967,https://boxd.it/1PnGHT,4.5,,w/ lukas,2021-04-28
2021-04-30,La La Land,2016,https://boxd.it/1PuXGH,5,Yes,,2021-04-29
2021-04-30,The Falcon and the Winter Soldier,2021,https://boxd.it/1Pvo75,3,,w/ lukas,2021-04-29
2021-05-01,A Touch of Sin,2013,https://boxd.it/1PE11V,3.5,,w/ lukas,2021-04-30
2021-05-02,The Secret of Kells,2009,https://boxd.it/1PNIyh,3.5,,w/ lukas,2021-05-01
2021-05-04,A Boy and His Dog,1975,https://boxd.it/1Q5l9z,3,,w/ lukas,2021-05-03
2021-05-04,Suspiria,1977,https://boxd.it/1Q7usz,3.5,,w/ lukas,2021-05-03
2021-05-05,The Girl Without Hands,2016,https://boxd.it/1Qbr4R,4,,w/ lukas,2021-05-04
2021-05-05,Interstellar,2014,https://boxd.it/1Qfwz9,4,,"blu-ray, w/ lukas",2021-05-04
2021-05-06,The Painting,2011,https://boxd.it/1QmRcJ,2.5,,w/ lukas,2021-05-05
2021-05-07,"Three Billboards Outside Ebbing, Missouri",2017,https://boxd.it/1Qus6n,3.5,,w/ lukas,2021-05-06
2021-05-10,Tom Segura: Disgraceful,2018,https://boxd.it/1QSgVL,,,w/ lukas,2021-05-09
2021-05-11,The Rider,2017,https://boxd.it/1R1AoZ,4,,w/ lukas,2021-05-10
2021-05-18,Harry Potter and the Philosopher's Stone,2001,https://boxd.it/1RZrrZ,,Yes,w/ lukas,2021-05-17
2021-05-20,Harry Potter and the Chamber of Secrets,2002,https://boxd.it/1S8Gkd,3.5,Yes,w/ lukas,2021-05-18
2021-05-20,Harry Potter and the Prisoner of Azkaban,2004,https://boxd.it/1SdJXn,4.5,Yes,w/ lukas,2021-05-19
2021-05-21,The Grand Budapest Hotel,2014,https://boxd.it/1Sjoe9,5,Yes,,2021-05-20
2021-05-24,Hunger,2008,https://boxd.it/1SLANr,4.5,,,2021-05-23
2021-05-25,The Twilight Saga: Breaking Dawn – Part 2,2012,https://boxd.it/1STBy9,,,,2021-05-24
2021-05-26,Harry Potter and the Goblet of Fire,2005,https://boxd.it/1T12k3,4,Yes,w/ lukas,2021-05-25
2021-05-27,Au Revoir les Enfants,1987,https://boxd.it/1T8aFR,4,,,2021-05-26
2021-05-28,Ratatouille,2007,https://boxd.it/1TeSAD,4.5,Yes,,2021-05-27
2021-06-03,Sicario,2015,https://boxd.it/1U2Kk3,4,,"w/ lukas, blu-ray",2021-06-02
2021-06-04,Bo Burnham: Inside,2021,https://boxd.it/1U9P65,,,comedy special,2021-06-03
2021-06-04,Harry Potter and the Order of the Phoenix,2007,https://boxd.it/1UdTv7,4,,w/ lukas,2021-06-04
2021-06-07,Juno,2007,https://boxd.it/1UCqEz,4.5,Yes,,2021-06-05
2021-06-07,Pitch Perfect,2012,https://boxd.it/1UCssv,,Yes,,2021-06-06
2021-06-07,Bo Burnham: Inside,2021,https://boxd.it/1UFyhJ,,Yes,on phone,2021-06-06
2021-06-08,Bo Burnham: Make Happy,2016,https://boxd.it/1UIch9,,,comedy special,2021-06-07
2021-06-08,Harry Potter and the Half-Blood Prince,2009,https://boxd.it/1UNN0T,3.5,Yes,w/ lukas,2021-06-07
2021-06-09,Bo Burnham: Inside,2021,https://boxd.it/1UQsEJ,,Yes,,2021-06-08
2021-06-11,Bo Burnham: Inside,2021,https://boxd.it/1V8wZH,,Yes,,2021-06-10
2021-06-12,Harry Potter and the Deathly Hallows: Part 1,2010,https://boxd.it/1VclHZ,3,Yes,w/ lukas,2021-06-10
2021-06-15,Pride & Prejudice,2005,https://boxd.it/1VGsat,4.5,,,2021-06-14
2021-06-15,Interstellar,2014,https://boxd.it/1VGsnR,4,Yes,w/ lukas,2021-06-15
2021-06-18,Harry Potter and the Deathly Hallows: Part 2,2011,https://boxd.it/1W0zfb,3.5,Yes,w/ lukas,2021-06-17
2021-06-23,Cloudy with a Chance of Meatballs,2009,https://boxd.it/1WBsFb,,Yes,,2021-06-22
2021-06-23,Luca,2021,https://boxd.it/1WGrF5,4,,,2021-06-23
2021-06-25,A Bug's Life,1998,https://boxd.it/1WQ5Zn,2.5,Yes,w/ lukas,2021-06-24
2021-06-29,Rushmore,1998,https://boxd.it/1Xs2Np,4.5,Yes,w/ lukas,2021-06-28
2021-06-29,Princess Mononoke,1997,https://boxd.it/1Xs35j,4.5,Yes,w/ lukas,2021-06-29
2021-07-01,American Psycho,2000,https://boxd.it/1XBUAH,4.5,Yes,w/ lukas,2021-06-30
2021-07-03,The Wolf of Wall Street,2013,https://boxd.it/1XROkP,4.5,Yes,w/ lukas,2021-07-02
2021-07-08,Raiders of the Lost Ark,1981,https://boxd.it/1YCTjL,4.5,Yes,w/ lukas,2021-07-07
2021-07-13,La Haine,1995,https://boxd.it/1ZtXWN,5,Yes,w/ lukas,2021-07-13
2021-07-14,Cold War,2018,https://boxd.it/1ZCAoh,5,Yes,w/ lukas,2021-07-14
2021-07-15,Call Me by Your Name,2017,https://boxd.it/1ZLRR9,4.5,Yes,w/ lukas,2021-07-15
2021-07-18,Climax,2018,https://boxd.it/20cfLh,4.5,Yes,,2021-07-16
2021-07-18,Fantastic Planet,1973,https://boxd.it/20ciix,,Yes,w/ lukas,2021-07-17
2021-07-19,Pig,2021,https://boxd.it/20ppwn,4,,"in theater, w/ lukas",2021-07-18
2021-07-21,Beau Travail,1999,https://boxd.it/20HWZD,5,Yes,w/ lukas,2021-07-20
2021-07-23,Cléo from 5 to 7,1962,https://boxd.it/20Y7Mx,4,,w/ lukas,2021-07-23
2021-07-24,Angel's Egg,1985,https://boxd.it/2170HX,4,,w/ lukas,2021-07-23
2021-07-26,Scott Pilgrim vs. the World,2010,https://boxd.it/21mzBl,4,Yes,w/ lukas,2021-07-25
2021-07-26,Marketa Lazarová,1967,https://boxd.it/21rBX9,4.5,Yes,w/ lukas,2021-07-26
2021-07-28,Only Lovers Left Alive,2013,https://boxd.it/21HYhx,4.5,,,2021-07-27
2021-07-29,Loki,2021,https://boxd.it/21R8dj,4,,w/ lukas,2021-07-28
2021-07-30,The Green Knight,2021,https://boxd.it/21ZgFr,4.5,,"w/ lukas, in theater",2021-07-29
2021-08-05,Enemy,2013,https://boxd.it/22RFAp,4.5,,,2021-08-04
2021-08-06,Louise by the Shore,2016,https://boxd.it/230l0J,3.5,,w/ lukas,2021-08-05
2021-08-07,The Suicide Squad,2021,https://boxd.it/2376YX,3.5,,w/ lukas,2021-08-06
2021-08-24,It's Such a Beautiful Day,2012,https://boxd.it/25AGtR,4.5,Yes,,2021-08-23
2021-08-24,Finding Nemo,2003,https://boxd.it/25Dmp7,4.5,Yes,,2021-08-23
2021-08-25,A Town Called Panic,2009,https://boxd.it/25LNM9,4,,,2021-08-24
2021-08-26,The Wolf House,2018,https://boxd.it/25Sh73,4,,,2021-08-25
2021-08-27,Mind Game,2004,https://boxd.it/260JkP,4,,,2021-08-26
2021-08-28,Paprika,2006,https://boxd.it/267vdp,4,,,2021-08-27
2021-08-29,The Other Woman,2014,https://boxd.it/26ejbv,2.5,,,2021-08-28
2021-09-01,The Spirit of the Beehive,1973,https://boxd.it/26LEAH,3.5,,,2021-08-31
2021-09-07,Ferris Bueller's Day Off,1986,https://boxd.it/27DHoH,5,Yes,,2021-09-06
2021-09-09,Bacurau,2019,https://boxd.it/27TuIL,4.5,,,2021-09-08
2021-09-11,Phoenix,2014,https://boxd.it/28a21X,3.5,,,2021-09-10
2021-09-13,Evangelion: 1.0 You Are (Not) Alone,2007,https://boxd.it/28r5Hr,3.5,,,2021-09-12
2021-09-16,Evangelion: 2.0 You Can (Not) Advance,2009,https://boxd.it/28NAdB,3.5,,,2021-09-15
2021-09-23,Evangelion: 3.0 You Can (Not) Redo,2012,https://boxd.it/29GI2L,3,,,2021-09-22
2021-09-24,Evangelion: 3.0+1.0 Thrice Upon a Time,2021,https://boxd.it/29S9JT,4,,,2021-09-23
2021-09-26,Mad Max: Fury Road,2015,https://boxd.it/2aa7uN,5,Yes,,2021-09-26
2021-09-27,The Host,2006,https://boxd.it/2aincV,4,,,2021-09-26
2021-09-30,The Discreet Charm of the Bourgeoisie,1972,https://boxd.it/2aDKTb,4.5,,,2021-09-29
2021-10-07,Titane,2021,https://boxd.it/2bJ1dF,5,,in theater,2021-10-06
2021-10-10,The Life Aquatic with Steve Zissou,2004,https://boxd.it/2c89gH,3.5,Yes,,2021-10-09
2021-10-14,Raw,2016,https://boxd.it/2cMytr,4,,,2021-10-13
2021-10-23,The Game,1997,https://boxd.it/2ebgtx,4,,,2021-10-23
2021-10-25,Annette,2021,https://boxd.it/2exJvV,3.5,,,2021-10-24
2021-10-26,The Descent,2005,https://boxd.it/2eGE8F,3.5,,,2021-10-25
2021-10-27,Squid Game,2021,https://boxd.it/2eP3ax,3.5,,,2021-10-26
2021-10-28,Dune,2021,https://boxd.it/2f0Dhr,4.5,,in theater,2021-10-27
2021-10-31,Casino Royale,2006,https://boxd.it/2fopHX,4.5,,,2021-10-30
2021-11-04,Battle Royale,2000,https://boxd.it/2gaTCp,,Yes,"in theater, cultmovienight",2021-11-03
2021-11-05,21 Jump Street,2012,https://boxd.it/2ge6pz,4,Yes,,2021-11-04
2021-11-06,Quantum of Solace,2008,https://boxd.it/2gpjlH,,,,2021-11-05
2021-11-08,The Nightmare Before Christmas,1993,https://boxd.it/2gIVxT,4.5,Yes,,2021-11-07
2021-11-08,Ran,1985,https://boxd.it/2gNyqb,5,,,2021-11-07
2021-11-09,Children of Men,2006,https://boxd.it/2gTqsb,5,Yes,,2021-11-08
2021-11-10,Zodiac,2007,https://boxd.it/2h0M1b,4.5,Yes,,2021-11-09
2021-11-11,Her,2013,https://boxd.it/2hen85,5,,,2021-11-10
2021-11-12,(500) Days of Summer,2009,https://boxd.it/2hkOB1,,,,2021-11-11
2021-11-16,ParaNorman,2012,https://boxd.it/2i5tgP,3.5,Yes,,2021-11-15
2021-11-19,The Wolf of Wall Street,2013,https://boxd.it/2ipWEh,4.5,Yes,,2021-11-18
2021-11-27,No Time to Die,2021,https://boxd.it/2jHwlN,3.5,,in theater,2021-11-26
2021-12-04,The Hunt,2012,https://boxd.it/2kIQgz,4.5,,,2021-12-03
2021-12-06,Uncle Boonmee Who Can Recall His Past Lives,2010,https://boxd.it/2l6Elb,,,,2021-12-06
2021-12-10,Satantango,1994,https://boxd.it/2lDdMZ,5,,,2021-12-09
2021-12-19,Paddington 2,2017,https://boxd.it/2n5O4P,4.5,Yes,,2021-12-18
2021-12-21,Spider-Man: No Way Home,2021,https://boxd.it/2nxbXn,,,in theater,2021-12-21
2021-12-24,The Grand Budapest Hotel,2014,https://boxd.it/2o6gDx,5,Yes,w/ lukas,2021-12-23
2021-12-26,Under the Skin,2013,https://boxd.it/2oA1LV,4.5,Yes,blu-ray,2021-12-25
2021-12-28,The Tree of Life,2011,https://boxd.it/2p8vAr,5,,"blu-ray, w/ lukas",2021-12-27
2021-12-29,Rushmore,1998,https://boxd.it/2pj5QZ,4.5,Yes,,2021-12-28
2021-12-29,Fantastic Mr. Fox,2009,https://boxd.it/2pm2Lt,5,Yes,,2021-12-28
2021-12-29,The Royal Tenenbaums,2001,https://boxd.it/2pqECd,4,Yes,,2021-12-29
2021-12-29,The Social Network,2010,https://boxd.it/2pqIeJ,5,Yes,,2021-12-29
2022-01-01,Licorice Pizza,2021,https://boxd.it/2qbDxl,4,,"in theater, w/ lukas",2022-01-01
2022-01-03,La La Land,2016,https://boxd.it/2qIYJX,5,Yes,,2022-01-02
2022-01-04,Shang-Chi and the Legend of the Ten Rings,2021,https://boxd.it/2r6vvP,2.5,,,2022-01-03
2022-01-05,Eraserhead,1977,https://boxd.it/2rp1jd,4.5,Yes,blu-ray,2022-01-04
2022-01-07,Inside Llewyn Davis,2013,https://boxd.it/2rSWm7,5,Yes,,2022-01-06
2022-01-09,Evil Dead II,1987,https://boxd.it/2snxt5,5,Yes,blu-ray,2022-01-08
2022-01-11,Venom: Let There Be Carnage,2021,https://boxd.it/2sTIZv,,,,2022-01-10
2022-01-13,Zola,2020,https://boxd.it/2tsZlH,,,,2022-01-12
2022-01-21,Big Hero 6,2014,https://boxd.it/2veEEN,4,,,2022-01-20
2022-01-21,Onward,2020,https://boxd.it/2veEMH,,,,2022-01-20
2022-01-23,Drive My Car,2021,https://boxd.it/2vMgFv,,,in theater,2022-01-22
2022-01-24,Star Wars,1977,https://boxd.it/2w11Zv,,Yes,,2022-01-23
2022-02-01,The Alpinist,2021,https://boxd.it/2xAnIb,,,,2022-01-31
2022-02-05,The Amazing Spider-Man,2012,https://boxd.it/2ydlEJ,,,w/ meagan,2022-02-04
2022-02-14,The Ice Age Adventures of Buck Wild,2022,https://boxd.it/2zZtht,0.5,,w/ meagan,2022-02-14
2022-02-17,Ice Age,2002,https://boxd.it/2AuN5J,,Yes,w/ meagan,2022-02-17
2022-02-23,Paddington,2014,https://boxd.it/2BEvPD,,Yes,,2022-02-22
2022-02-24,Phantom Thread,2017,https://boxd.it/2BPhA7,5,Yes,,2022-02-24
2022-02-25,The Power of the Dog,2021,https://boxd.it/2BTLdZ,,,,2022-02-24
2022-03-01,Ice Age: The Meltdown,2006,https://boxd.it/2CyZ8V,,Yes,w/ meagan,2022-02-27
2022-03-03,The Night of the Hunter,1955,https://boxd.it/2CYHBH,,,"in theater, w/ meagan, cultmovienight",2022-03-02
2022-03-07,Batman Begins,2005,https://boxd.it/2DOySt,,,,2022-03-06
2022-03-10,Saw,2004,https://boxd.it/2EdlD1,,,w/ meagan,2022-03-08
2022-03-11,The Batman,2022,https://boxd.it/2Es7ET,,,in theater,2022-03-10
2022-03-19,Hilda and the Mountain King,2021,https://boxd.it/2FXEzN,,,,2022-03-18
2022-03-28,Cowboys & Aliens,2011,https://boxd.it/2HHQiP,,,w/ meagan,2022-03-27
2022-03-28,Turning Red,2022,https://boxd.it/2HKbBH,,,w/ meagan,2022-03-27
2022-03-31,Mirror,1975,https://boxd.it/2IelAf,,Yes,cultmovienight,2022-03-30
2022-04-04,Shrek,2001,https://boxd.it/2IVPf3,,Yes,on phone,2022-04-03
2022-04-10,The Purge: Anarchy,2014,https://boxd.it/2JX2fV,,,w/ meagan,2022-04-09
2022-04-16,Irreversible,2002,https://boxd.it/2L0Btt,,,,2022-04-15
2022-04-17,Save the Green Planet!,2003,https://boxd.it/2L9v1V,,,,2022-04-16
2022-04-17,Josep,2020,https://boxd.it/2LdaGB,,,,2022-04-16
2022-04-17,Shrek 2,2004,https://boxd.it/2LfZTv,,,,2022-04-16
2022-04-20,The Hand of God,2021,https://boxd.it/2LQtiL,,,,2022-04-19
2022-04-26,I Saw the Devil,2010,https://boxd.it/2MWp0T,,Yes,w/ meagan,2022-04-26
2022-04-27,The Northman,2022,https://boxd.it/2N67fV,4.5,,in theater,2022-04-26
2022-05-01,My Friend Dahmer,2017,https://boxd.it/2NI9rF,,,w/ meagan,2022-04-30
2022-05-02,Full Metal Jacket,1987,https://boxd.it/2NPmEB,,,,2022-05-01
2022-05-06,Inside,2007,https://boxd.it/2Ov1An,,,w/ meagan,2022-05-05
2022-05-13,Shiva Baby,2020,https://boxd.it/2PRdhv,,,,2022-05-12
2022-05-15,Possessor,2020,https://boxd.it/2Q9YQN,4.5,,,2022-05-14
2022-05-15,Re-Animator,1985,https://boxd.it/2QdXKx,,,,2022-05-14
2022-05-16,The Beyond,1981,https://boxd.it/2QkK2h,,,,2022-05-15
2022-05-16,Charlie Says,2018,https://boxd.it/2Qqxdt,,,w/ meagan,2022-05-15
2022-05-18,Ex Machina,2015,https://boxd.it/2QJRCV,,,,2022-05-17
2022-05-19,Antichrist,2009,https://boxd.it/2QVm8J,,,"cultmovienight, in theater",2022-05-18
2022-05-20,Knife+Heart,2018,https://boxd.it/2R0K1d,,,,2022-05-19
2022-05-22,Stand by Me,1986,https://boxd.it/2Rqn0D,,,,2022-05-21
2022-05-22,Don't F**k with Cats: Hunting an Internet Killer,2019,https://boxd.it/2RvXkp,,,w/ meagan,2022-05-21
2022-05-24,Oldboy,2013,https://boxd.it/2RVigj,,,w/ meagan,2022-05-23
2022-05-27,Sorry to Bother You,2018,https://boxd.it/2SpTKl,,,w/ meagan,2022-05-26
2022-05-29,Premonition,2007,https://boxd.it/2SLVz9,1,,w/ meagan,2022-05-29
2022-06-02,Columbus,2017,https://boxd.it/2ToKIn,,,,2022-06-01
2022-06-03,The French Dispatch,2021,https://boxd.it/2TAGKD,,,blu-ray,2022-06-02
2022-06-05,The House,2022,https://boxd.it/2TWLVF,,,,2022-06-04
2022-06-06,Jackass 4.5,2022,https://boxd.it/2U6df1,,,,2022-06-05
2022-06-08,The Summit of the Gods,2021,https://boxd.it/2Ut6wl,,,,2022-06-07
2022-06-11,Norm Macdonald: Nothing Special,2022,https://boxd.it/2UVgf1,,,,2022-06-10
2022-06-13,Corpse Bride,2005,https://boxd.it/2Vpz2l,,,,2022-06-12
2022-06-20,Mad God,2021,https://boxd.it/2WKfjH,,,"in theater, w/ lukas",2022-06-20
2022-06-24,Wendy and Lucy,2008,https://boxd.it/2Xsdwd,,,,2022-06-23
2022-06-26,Damnation,1988,https://boxd.it/2XLYyN,,,,2022-06-25
2022-07-03,Inherent Vice,2014,https://boxd.it/2Z87VT,4.5,,,2022-07-03
2022-07-04,Boogie Nights,1997,https://boxd.it/2ZktP3,,,,2022-07-03
2022-07-10,Breathless,1960,https://boxd.it/30sgfL,,,,2022-07-09
2022-07-11,Thor: Love and Thunder,2022,https://boxd.it/30IBJz,,,"in theater, w/ lukas",2022-07-10
2022-07-15,Forgotten,2017,https://boxd.it/31nlwh,,,w/ meagan,2022-07-14
2022-07-16,Hard to Be a God,2013,https://boxd.it/31AUXD,5,,,2022-07-15
2022-07-20,Ugetsu,1953,https://boxd.it/32r6DT,,,w/ lukas,2022-07-19
2022-07-23,Aniara,2018,https://boxd.it/331fEt,,,w/ lukas,2022-07-22
2022-07-24,Mission: Impossible,1996,https://boxd.it/339ymf,,Yes,on phone,2022-07-23
2022-07-24,The Mist,2007,https://boxd.it/339yCx,,Yes,on phone,2022-07-23
2022-07-26,Ponyo,2008,https://boxd.it/33COb1,,Yes,on phone,2022-07-25
2022-07-27,Ocean Waves,1993,https://boxd.it/33U1tr,2,,on phone,2022-07-26
2022-07-28,Tales from Earthsea,2006,https://boxd.it/34nj0Z,,,on phone,2022-07-27
2022-08-04,Don't Look Up,2021,https://boxd.it/35NJlZ,,,on phone,2022-08-03
2022-08-08,Edge of Tomorrow,2014,https://boxd.it/36CNp9,,Yes,on phone,2022-08-07
2022-08-08,Top Gun,1986,https://boxd.it/36PP2R,,,on phone,2022-08-07
2022-08-08,"tick, tick...BOOM!",2021,https://boxd.it/36PT5v,,,on phone,2022-08-07
2022-08-12,Freddy Got Fingered,2001,https://boxd.it/37wiW9,,,w/ meagan,2022-08-11
2022-08-12,Dumb and Dumber To,2014,https://boxd.it/37EaN5,,,w/ meagan,2022-08-11
2022-08-14,The Grand Budapest Hotel,2014,https://boxd.it/385rAL,5,Yes,w/ meagan,2022-08-14
2022-08-15,Angst,1983,https://boxd.it/38gSjz,,,w/ lukas,2022-08-14
2022-08-17,Everything Everywhere All at Once,2022,https://boxd.it/38GSO5,,,,2022-08-16
2022-08-20,Prey,2022,https://boxd.it/398zah,,,,2022-08-19
2022-08-20,Inside the Mind of a Cat,2022,https://boxd.it/39hfMD,,,w/ meagan,2022-08-20
2022-08-21,Safer at Home,2021,https://boxd.it/39trAN,0.5,,w/ meagan,2022-08-20
2022-08-23,Marrowbone,2017,https://boxd.it/39OKUz,,,w/ meagan,2022-08-22
2022-08-26,Anomalisa,2015,https://boxd.it/3apLNX,,,,2022-08-25
2022-08-28,Marcel the Shell with Shoes On,2021,https://boxd.it/3aMvqf,,,"w/ meagan, in theater",2022-08-27
2022-08-30,Color Adjustment,1992,https://boxd.it/3bdCsV,,,,2022-08-29
2022-09-04,Shame,2011,https://boxd.it/3c2rOj,4.5,,,2022-09-03
2022-09-06,Incantation,2022,https://boxd.it/3ctqHv,,,w/ meagan,2022-09-05
2022-09-06,The Darjeeling Limited,2007,https://boxd.it/3cvj7f,,,,2022-09-05
2022-09-08,Secret Sunshine,2007,https://boxd.it/3cSiVf,,,,2022-09-07
2022-09-12,Surf's Up,2007,https://boxd.it/3dw8Vz,,Yes,w/ meagan,2022-09-11
2022-09-16,Barbarian,2022,https://boxd.it/3eawvb,,,"in theater, w/ meagan",2022-09-15
2022-09-21,Slaying the Dragon: Reloaded,2011,https://boxd.it/3fecBZ,,,,2022-09-20
2022-09-27,Petite Maman,2021,https://boxd.it/3goBXP,,,,2022-09-26
2022-09-29,Cam,2018,https://boxd.it/3gNwFB,,,w/ meagan,2022-09-28
2022-09-30,Iron Man,2008,https://boxd.it/3h2nQP,,Yes,,2022-09-30
2022-10-09,Captain America: Civil War,2016,https://boxd.it/3iPmJP,,Yes,w/ meagan,2022-10-08
2022-10-13,Avengers: Infinity War,2018,https://boxd.it/3jPvDZ,,Yes,,2022-10-12
2022-10-17,"Synecdoche, New York",2008,https://boxd.it/3kKJTL,5,,,2022-10-16
2022-10-21,We Are the Flesh,2016,https://boxd.it/3lvbG3,,,,2022-10-20
2022-10-24,Us,2019,https://boxd.it/3lYRkB,,,w/ meagan,2022-10-23
2022-10-24,Memories of Murder,2003,https://boxd.it/3mcvax,4.5,,,2022-10-24
2022-10-31,A Field in England,2013,https://boxd.it/3nGhop,,,,2022-10-30
2022-11-02,Kill List,2011,https://boxd.it/3oacMV,,,w/ meagan,2022-11-01
2022-11-12,The Perks of Being a Wallflower,2012,https://boxd.it/3qgpod,,,w/ meagan,2022-11-12
2022-11-14,Fall,2022,https://boxd.it/3qKCH3,,,w/ meagan,2022-11-13
2022-11-14,Our Idiot Brother,2011,https://boxd.it/3qKCRR,,,w/ meagan,2022-11-13
2022-11-14,Shaun of the Dead,2004,https://boxd.it/3qLxCT,,Yes,w/ meagan,2022-11-14
2022-11-16,Crimes of the Future,2022,https://boxd.it/3r7PE3,,,,2022-11-15
2022-11-22,Nope,2022,https://boxd.it/3skbHL,,,w/ meagan,2022-11-21
2022-11-22,Dororo,2019,https://boxd.it/3skbT3,3.5,,,2022-11-21
2022-11-22,Jungle,2017,https://boxd.it/3soquF,,,w/ meagan,2022-11-21
2022-11-22,mother!,2017,https://boxd.it/3soHNp,,,w/ meagan,2022-11-22
2022-11-23,The Menu,2022,https://boxd.it/3szO3l,,,"in theater, w/ meagan",2022-11-22
2022-11-25,Her,2013,https://boxd.it/3sWUyZ,5,Yes,w/ meagan,2022-11-25
2022-11-25,The Impossible,2012,https://boxd.it/3sXb8p,,,w/ meagan,2022-11-25
2022-12-03,ONI: Thunder God's Tale,2022,https://boxd.it/3uBrBr,,,,2022-12-03
2022-12-03,Titane,2021,https://boxd.it/3uBrHf,5,Yes,w/ meagan,2022-12-03
2022-12-05,Titane,2021,https://boxd.it/3v0xJB,5,Yes,w/ meagan,2022-12-03
2022-12-13,Decision to Leave,2022,https://boxd.it/3wF8F1,,,,2022-12-12
2022-12-15,Guillermo del Toro's Pinocchio,2022,https://boxd.it/3x5VXF,,,,2022-12-14
2022-12-17,Wendell & Wild,2022,https://boxd.it/3xu15H,,,,2022-12-16
2022-12-17,Emily the Criminal,2022,https://boxd.it/3xy8YH,,,,2022-12-16
2022-12-17,Top Gun: Maverick,2022,https://boxd.it/3xFH73,,,,2022-12-17
2022-12-17,Bodies Bodies Bodies,2022,https://boxd.it/3xFHe9,,,,2022-12-17
2022-12-17,Bullet Train,2022,https://boxd.it/3xFHiF,,,,2022-12-17
2022-12-20,Between Two Ferns: The Movie,2019,https://boxd.it/3yiIyH,,Yes,,2022-12-19
2022-12-26,Prisoners,2013,https://boxd.it/3AhYER,,,,2022-12-25
2022-12-27,Aftersun,2022,https://boxd.it/3AwzKb,5,,"w/ lukas, in theater",2022-12-26
2023-01-01,Babylon,2022,https://boxd.it/3CCWmL,,,"w/ lukas, in theater",2022-12-31
2023-01-05,Glass Onion,2022,https://boxd.it/3EiLCB,,,w/ lukas,2023-01-04
2023-01-11,White Noise,2022,https://boxd.it/3GBiZH,3.5,,,2023-01-10
2023-01-12,Oldboy,2003,https://boxd.it/3GWR0h,,,,2023-01-11
2023-01-19,Tenet,2020,https://boxd.it/3JfDkD,,,,2023-01-18
2023-01-20,Big Time Adolescence,2019,https://boxd.it/3JyxXR,,,w/ meagan,2023-01-19
2023-01-22,Puss in Boots: The Last Wish,2022,https://boxd.it/3KdEI7,,,"w/ meagan, in theater",2023-01-22
2023-01-26,All Quiet on the Western Front,2022,https://boxd.it/3LltxR,,,,2023-01-25
2023-01-26,Tangled,2010,https://boxd.it/3Lulin,,,w/ meagan,2023-01-26
2023-01-29,Infinity Pool,2023,https://boxd.it/3Mq0gr,,,"w/ meagan, in theater",2023-01-28
2023-01-29,Possessor,2020,https://boxd.it/3Mq0rp,4.5,Yes,w/ meagan,2023-01-28
2023-02-02,Parasite,2019,https://boxd.it/3NF7FR,5,Yes,in theater,2023-02-01
2023-02-08,Minions: The Rise of Gru,2022,https://boxd.it/3PtwGJ,,,,2023-02-07
2023-02-09,Singin' in the Rain,1952,https://boxd.it/3PKie1,5,,in theater,2023-02-08
2023-02-12,The Voices,2014,https://boxd.it/3Qy07r,4,,w/ meagan,2023-02-12
2023-02-16,The Lord of the Rings: The Fellowship of the Ring,2001,https://boxd.it/3RBdpj,,Yes,,2023-02-16
2023-02-18,Superbad,2007,https://boxd.it/3S9eMV,5,Yes,,2023-02-18
2023-02-24,Kingsman: The Secret Service,2014,https://boxd.it/3TK9Eb,,Yes,w/ meagan,2023-02-23
2023-02-24,Kingsman: The Golden Circle,2017,https://boxd.it/3TK9Kt,,,w/ meagan,2023-02-23
2023-02-24,Phase IV,1974,https://boxd.it/3TSwd9,,,,2023-02-23
2023-03-09,The Lord of the Rings: The Return of the King,2003,https://boxd.it/3XtRq5,,Yes,,2023-03-08
2023-03-09,The Lord of the Rings: The Two Towers,2002,https://boxd.it/3XtROB,,Yes,,2023-03-08
2023-03-19,Ritual,2000,https://boxd.it/401mtD,5,,,2023-03-18
2023-03-20,Eureka,2000,https://boxd.it/40r07d,5,,,2023-03-19
2023-03-23,Inside,2023,https://boxd.it/41l96F,,,"w/ meagan, in theater",2023-03-23
2023-03-28,The Waterboy,1998,https://boxd.it/42GZZX,,,w/ lukas,2023-03-28
2023-03-30,John Wick: Chapter 4,2023,https://boxd.it/439tgJ,,,"in theater, w/ lukas",2023-03-29
2023-04-03,Finding Nemo,2003,https://boxd.it/448AK9,4.5,Yes,w/ meagan,2023-04-02
2023-04-03,John Wick,2014,https://boxd.it/44gkDH,3.5,Yes,,2023-04-02
2023-04-04,John Wick: Chapter 2,2017,https://boxd.it/44n1hr,4,Yes,,2023-04-03
2023-04-09,Bones and All,2022,https://boxd.it/45UUex,,,w/ meagan,2023-04-08
2023-04-12,John Wick: Chapter 3 – Parabellum,2019,https://boxd.it/46LwfH,,Yes,,2023-04-11
2023-04-13,Whiplash,2014,https://boxd.it/471sfZ,,Yes,w/ meagan,2023-04-12
2023-04-13,BEEF,2023,https://boxd.it/478csx,,,,2023-04-12
2023-04-14,Brüno,2009,https://boxd.it/47kDBl,,Yes,,2023-04-13
2023-04-17,Borat: Cultural Learnings of America for Make Benefit Glorious Nation of Kazakhstan,2006,https://boxd.it/48hsuL,,Yes,,2023-04-17
2023-04-22,Her,2013,https://boxd.it/49v7c9,5,Yes,,2023-04-22
2023-04-24,Game Night,2018,https://boxd.it/4a6VFJ,,,w/ meagan,2023-04-24
2023-04-25,TÁR,2022,https://boxd.it/4am2hT,,,,2023-04-24
2023-05-03,National Treasure,2004,https://boxd.it/4ciEnl,,Yes,,2023-05-02
2023-05-12,The Hunger Games: Catching Fire,2013,https://boxd.it/4eGRXd,,,w/ meagan,2023-05-11
2023-05-13,Memento,2000,https://boxd.it/4f1Smf,,,w/ meagan,2023-05-13
2023-05-13,Argo,2012,https://boxd.it/4f1SqV,,,,2023-05-13
2023-05-16,The Fly,1986,https://boxd.it/4fMlyr,,,,2023-05-15
2023-05-25,Guardians of the Galaxy Vol. 3,2023,https://boxd.it/4hSevl,,,"in theater, w/ meagan",2023-05-24
2023-06-13,Grown Ups,2010,https://boxd.it/4n1HCt,,,,2023-06-12
2023-06-20,Over the Hedge,2006,https://boxd.it/4oMmxl,4.5,Yes,w/ meagan,2023-06-19
2023-06-30,GoodFellas,1990,https://boxd.it/4rMk9X,4.5,Yes,w/ lukas,2023-06-29
2023-07-02,The Watch,2012,https://boxd.it/4shuhp,,,"w/ lukas, w/ meagan",2023-07-01
2023-07-02,Hot Summer Nights,2017,https://boxd.it/4sneBb,,,w/ meagan,2023-07-01
2023-07-07,The Worst Person in the World,2021,https://boxd.it/4tLHDn,4.5,,w/ lukas,2023-07-06
2023-07-13,Fury,2014,https://boxd.it/4vJ32l,,,w/ meagan,2023-07-11
2023-07-14,Indiana Jones and the Dial of Destiny,2023,https://boxd.it/4vRYN5,,,"w/ meagan, in theater",2023-07-13
2023-07-19,Annihilation,2018,https://boxd.it/4xuD9l,,,w/ meagan,2023-07-18
2023-07-19,Synchronic,2019,https://boxd.it/4xAUoT,,,w/ meagan,2023-07-19
2023-07-21,Vivarium,2019,https://boxd.it/4yg8sx,,,w/ meagan,2023-07-21
2023-08-03,Oppenheimer,2023,https://boxd.it/4Drm39,,,"in theater, w/ lukas, w/ meagan",2023-08-02
2023-08-05,ERASED,2016,https://boxd.it/4DVXk7,,,w/ lukas,2023-08-04
2023-08-06,Cyberpunk: Edgerunners,2022,https://boxd.it/4Err91,4,,w/ lukas,2023-08-05
2023-08-10,Sonny Boy,2021,https://boxd.it/4FLONH,4.5,,w/ lukas,2023-08-09
2023-08-11,Barbie,2023,https://boxd.it/4G7MMh,4.5,,"w/ meagan, w/ lukas",2023-08-11
2023-08-17,Rubber,2010,https://boxd.it/4I6A6z,,,w/ lukas,2023-08-17
2023-08-24,Steins;Gate,2011,https://boxd.it/4KhWPL,,,w/ lukas,2023-08-24
2023-09-10,Kick-Ass,2010,https://boxd.it/4PltVX,,,,2023-09-10
2023-09-11,Dredd,2012,https://boxd.it/4PFoLD,,,,2023-09-10
2023-09-24,I Saw the Devil,2010,https://boxd.it/4TgQ65,4.5,Yes,,2023-09-24
2023-10-02,The Proposal,2009,https://boxd.it/4VNckb,,,,2023-09-30
2023-10-02,The Rat Catcher,2023,https://boxd.it/4VF1LJ,,,,2023-10-01
2023-10-02,The Wonderful Story of Henry Sugar,2023,https://boxd.it/4VF1Wd,,,,2023-10-01
2023-10-04,Poison,2023,https://boxd.it/4Wchex,,,,2023-10-03
2023-10-07,Saw,2004,https://boxd.it/4XkX8h,,Yes,w/ meagan,2023-10-07
2023-10-08,Saw II,2005,https://boxd.it/4XHBZ5,,,w/ meagan,2023-10-08
2023-10-08,Saw III,2006,https://boxd.it/4XHEgn,,,w/ meagan,2023-10-08
2023-10-15,Mission: Impossible – Dead Reckoning Part One,2023,https://boxd.it/504MXX,,,,2023-10-15
2023-10-16,Saw IV,2007,https://boxd.it/50ss4r,,,w/ meagan,2023-10-16
2023-10-16,Monster Inside: America's Most Extreme Haunted House,2023,https://boxd.it/50ssdX,,,w/ meagan,2023-10-16
2023-10-19,Mission: Impossible – Rogue Nation,2015,https://boxd.it/517uXZ,,Yes,w/ meagan,2023-10-18
2023-10-22,Saw V,2008,https://boxd.it/52hJkn,,,w/ meagan,2023-10-22
2023-10-22,Saw VI,2009,https://boxd.it/52hP17,,,w/ meagan,2023-10-22
2023-10-27,Saw 3D,2010,https://boxd.it/53Slo9,,,w/ meagan,2023-10-27
2023-10-30,Five Nights at Freddy's,2023,https://boxd.it/554F63,,,w/ meagan,2023-10-30
2023-11-01,Zombie for Sale,2019,https://boxd.it/55MXSd,,,w/ meagan,2023-11-01
2023-11-05,High and Low,1963,https://boxd.it/56Xybf,,,,2023-11-04
2023-11-07,Killers of the Flower Moon,2023,https://boxd.it/57QsGr,,,"in theater, w/ meagan",2023-11-07
2023-11-13,Fool's Paradise,2023,https://boxd.it/59vddb,,,w/ meagan,2023-11-12
2023-11-19,No Hard Feelings,2023,https://boxd.it/5bwLub,,,w/ meagan,2023-11-19
2023-11-20,Scott Pilgrim Takes Off,2023,https://boxd.it/5bTteZ,,,,2023-11-19
2023-11-20,Triangle of Sadness,2022,https://boxd.it/5bVTHH,,,,2023-11-20
2023-11-21,The Umbrellas of Cherbourg,1964,https://boxd.it/5c1DAH,,,,2023-11-20
2023-11-22,News from Home,1976,https://boxd.it/5cxCOn,,,,2023-11-21
2023-11-23,Perfect Blue,1997,https://boxd.it/5cJIlP,5,,,2023-11-22
2023-11-23,After Yang,2021,https://boxd.it/5cPOEv,,,w/ lukas,2023-11-22
2023-11-24,Paddington,2014,https://boxd.it/5d8ghF,5,Yes,w/ lukas,2023-11-23
2023-11-24,Mommy,2014,https://boxd.it/5dafax,,,,2023-11-24
2023-11-25,Incendies,2010,https://boxd.it/5duPMx,,,,2023-11-24
2023-11-26,Nimona,2023,https://boxd.it/5dJUsd,,,on phone,2023-11-25
2023-11-27,Antiporno,2016,https://boxd.it/5ep0UJ,,,,2023-11-27
2023-12-03,The Hunger Games: The Ballad of Songbirds & Snakes,2023,https://boxd.it/5g4ZuX,,,"in theater, w/ meagan",2023-12-02
2023-12-06,Primal,2019,https://boxd.it/5hlwUZ,,,,2023-12-06
2023-12-10,Masterminds,2016,https://boxd.it/5isrHf,,,w/ meagan,2023-12-09
2023-12-12,Red Rocket,2021,https://boxd.it/5jnNjt,,,,2023-12-11
2023-12-12,Lux Æterna,2019,https://boxd.it/5js3Hz,,,,2023-12-12
2023-12-16,Chicken Run: Dawn of the Nugget,2023,https://boxd.it/5kJBrX,,,,2023-12-15
2023-12-16,The Super Mario Bros. Movie,2023,https://boxd.it/5kJBDp,,,,2023-12-15
2023-12-17,Possession,1981,https://boxd.it/5l5PiJ,,,,2023-12-16
2023-12-17,The Cranes Are Flying,1957,https://boxd.it/5l8RwJ,,,,2023-12-16
2023-12-18,12 Angry Men,1957,https://boxd.it/5lATvz,,,,2023-12-17
2023-12-19,Sexy Beast,2000,https://boxd.it/5lYfI7,,,,2023-12-19
2023-12-20,The Boy and the Heron,2023,https://boxd.it/5mjbcD,,,"w/ lukas, in theater",2023-12-19
2023-12-21,Black Swan,2010,https://boxd.it/5mHOg3,,,,2023-12-20
