Date,Name,Year,Letterboxd URI
2020-07-27,Captain Marvel,2019,https://boxd.it/9vSA
2020-07-27,Reservoir Dogs,1992,https://boxd.it/2agc
2020-07-27,Shutter Island,2010,https://boxd.it/1U82
2020-07-27,The Florida Project,2017,https://boxd.it/dMG0
2020-07-27,There Will Be Blood,2007,https://boxd.it/20Z2
2020-07-27,Pan's Labyrinth,2006,https://boxd.it/28No
2020-07-27,Schindler's List,1993,https://boxd.it/2aq2
2020-07-27,The Disaster Artist,2017,https://boxd.it/cTqc
2020-07-27,Princess Mononoke,1997,https://boxd.it/2b4w
2020-07-27,The Cabin in the Woods,2011,https://boxd.it/1zOc
2020-07-27,Howl's Moving Castle,2004,https://boxd.it/23De
2020-07-27,Green Room,2015,https://boxd.it/a75m
2020-07-27,The Hangover,2009,https://boxd.it/1GjK
2020-07-27,The Pianist,2002,https://boxd.it/2aqc
2020-07-27,School of Rock,2003,https://boxd.it/28xK
2020-07-27,Akira,1988,https://boxd.it/2b1i
2020-07-27,Grave of the Fireflies,1988,https://boxd.it/1RUM
2020-07-27,Rocky,1976,https://boxd.it/28Uk
2020-07-27,Neon Genesis Evangelion,1995,https://boxd.it/ptEI
2020-07-27,Come and See,1985,https://boxd.it/1w9q
2020-07-27,Neon Genesis Evangelion: The End of Evangelion,1997,https://boxd.it/1GRM
2020-07-27,Gurren Lagann,2007,https://boxd.it/p8SE
2020-07-27,The Town,2010,https://boxd.it/1zyS
2020-07-27,The Tale of the Princess Kaguya,2013,https://boxd.it/4JQI
2020-07-27,Pom Poko,1994,https://boxd.it/1Mvi
2020-07-27,A Silent Voice,2016,https://boxd.it/d99c
2020-07-27,Castle in the Sky,1986,https://boxd.it/1W4G
2020-07-27,Nausicaä of the Valley of the Wind,1984,https://boxd.it/2bc6
2020-07-27,Porco Rosso,1992,https://boxd.it/1Tp2
2020-07-27,Apocalypse Now,1979,https://boxd.it/6ZS
2020-07-27,Fight Club,1999,https://boxd.it/2a9q
2020-07-27,Spirited Away,2001,https://boxd.it/2b4m
2020-07-27,Parasite,2019,https://boxd.it/hTha
2020-07-27,Lady Bird,2017,https://boxd.it/dGNE
2020-07-27,Killing Them Softly,2012,https://boxd.it/IQ
2020-07-27,The Lobster,2015,https://boxd.it/7tnw
2020-07-27,Mary and the Witch's Flower,2017,https://boxd.it/ffTY
2020-07-27,Jarhead,2005,https://boxd.it/70m
2020-07-27,Lupin the Third: The Castle of Cagliostro,1979,https://boxd.it/1Mn4
2020-07-27,Pulp Fiction,1994,https://boxd.it/29Pq
2020-07-27,Inglourious Basterds,2009,https://boxd.it/1JzG
2020-07-27,Uncut Gems,2019,https://boxd.it/gXGc
2020-07-27,Song of the Sea,2014,https://boxd.it/3Ic6
2020-07-28,Cowboy Bebop,1998,https://boxd.it/ptES
2020-07-28,Over the Garden Wall,2014,https://boxd.it/eqFw
2020-07-28,Booksmart,2019,https://boxd.it/igNS
2020-07-29,Mononoke,2007,https://boxd.it/meNa
2020-07-29,Rango,2011,https://boxd.it/QPk
2020-07-29,A Ghost Story,2017,https://boxd.it/fb0K
2020-07-30,Burning,2018,https://boxd.it/hHUa
2020-07-30,Boy & the World,2013,https://boxd.it/6CM4
2020-07-31,My Entire High School Sinking Into the Sea,2016,https://boxd.it/et0G
2020-07-31,1917,2019,https://boxd.it/jj4y
2020-07-31,The Good Liar,2019,https://boxd.it/iuXC
2020-07-31,Zombieland: Double Tap,2019,https://boxd.it/bgb6
2020-07-31,Jojo Rabbit,2019,https://boxd.it/iEBG
2020-07-31,Knives Out,2019,https://boxd.it/jWEA
2020-07-31,Waves,2019,https://boxd.it/jpmy
2020-07-31,Spider-Man: Far from Home,2019,https://boxd.it/fegG
2020-07-31,The Killing of a Sacred Deer,2017,https://boxd.it/dZ5G
2020-07-31,Blue Ruin,2013,https://boxd.it/5H8G
2020-07-31,Midsommar,2019,https://boxd.it/jhxe
2020-08-01,I Lost My Body,2019,https://boxd.it/lAYs
2020-08-01,Marriage Story,2019,https://boxd.it/hJAw
2020-08-01,Roma,2018,https://boxd.it/f69M
2020-08-01,Mirai,2018,https://boxd.it/h2Hu
2020-08-02,The Shawshank Redemption,1994,https://boxd.it/2aHi
2020-08-02,The Dark Knight,2008,https://boxd.it/2b0k
2020-08-02,The Lord of the Rings: The Return of the King,2003,https://boxd.it/2b5u
2020-08-02,Whiplash,2014,https://boxd.it/7bQA
2020-08-02,The Shining,1980,https://boxd.it/29Nu
2020-08-02,The Lord of the Rings: The Fellowship of the Ring,2001,https://boxd.it/2b5O
2020-08-02,One Flew Over the Cuckoo's Nest,1975,https://boxd.it/2aeA
2020-08-02,No Country for Old Men,2007,https://boxd.it/21ew
2020-08-02,Taxi Driver,1976,https://boxd.it/2b8y
2020-08-02,The Lord of the Rings: The Two Towers,2002,https://boxd.it/2b5E
2020-08-02,Star Wars,1977,https://boxd.it/72s
2020-08-02,The Lion King,1994,https://boxd.it/201Q
2020-08-02,Fargo,1996,https://boxd.it/2aHM
2020-08-02,Raging Bull,1980,https://boxd.it/28yI
2020-08-02,Raiders of the Lost Ark,1981,https://boxd.it/2bbs
2020-08-02,Moonlight,2016,https://boxd.it/d6bE
2020-08-02,Mad Max: Fury Road,2015,https://boxd.it/2DjO
2020-08-02,The Departed,2006,https://boxd.it/28MA
2020-08-02,A Clockwork Orange,1971,https://boxd.it/2aVE
2020-08-02,The Big Lebowski,1998,https://boxd.it/2b6C
2020-08-02,Get Out,2017,https://boxd.it/eOCm
2020-08-02,Aliens,1986,https://boxd.it/29PA
2020-08-02,Good Will Hunting,1997,https://boxd.it/2ahY
2020-08-02,The Matrix,1999,https://boxd.it/2a1m
2020-08-02,Spider-Man: Into the Spider-Verse,2018,https://boxd.it/azpY
2020-08-02,Arrival,2016,https://boxd.it/aNGk
2020-08-02,Avengers: Endgame,2019,https://boxd.it/9vE4
2020-08-02,Black Panther,2018,https://boxd.it/8MHs
2020-08-02,Avengers: Infinity War,2018,https://boxd.it/9vEe
2020-08-02,The Wolf of Wall Street,2013,https://boxd.it/3C1m
2020-08-02,Guardians of the Galaxy,2014,https://boxd.it/3VH2
2020-08-02,The Social Network,2010,https://boxd.it/17ue
2020-08-02,Thor: Ragnarok,2017,https://boxd.it/8MHi
2020-08-02,Dunkirk,2017,https://boxd.it/d0Y6
2020-08-02,Star Wars: The Force Awakens,2015,https://boxd.it/4vru
2020-08-02,Deadpool,2016,https://boxd.it/9fOC
2020-08-02,A Quiet Place,2018,https://boxd.it/fVJQ
2020-08-02,The Silence of the Lambs,1991,https://boxd.it/2aHW
2020-08-02,Drive,2011,https://boxd.it/IG
2020-08-02,Spider-Man: Homecoming,2017,https://boxd.it/aboM
2020-08-02,Inside Out,2015,https://boxd.it/4KHC
2020-08-02,Coco,2017,https://boxd.it/bYJQ
2020-08-02,Scott Pilgrim vs. the World,2010,https://boxd.it/1Aq6
2020-08-02,The Empire Strikes Back,1980,https://boxd.it/27Vw
2020-08-02,It,2017,https://boxd.it/bC8e
2020-08-02,Guardians of the Galaxy Vol. 2,2017,https://boxd.it/8MxC
2020-08-02,The Avengers,2012,https://boxd.it/1xFW
2020-08-02,BlacKkKlansman,2018,https://boxd.it/hxL8
2020-08-02,Blade Runner,1982,https://boxd.it/2bcA
2020-08-02,Captain America: Civil War,2016,https://boxd.it/89Ja
2020-08-02,Rogue One: A Star Wars Story,2016,https://boxd.it/aPvy
2020-08-02,Wonder Woman,2017,https://boxd.it/9roG
2020-08-02,Doctor Strange,2016,https://boxd.it/8MH8
2020-08-02,Nightcrawler,2014,https://boxd.it/780m
2020-08-02,The Martian,2015,https://boxd.it/8SeG
2020-08-02,Captain America: The Winter Soldier,2014,https://boxd.it/3r58
2020-08-02,Alien,1979,https://boxd.it/2awY
2020-08-02,Jurassic Park,1993,https://boxd.it/2aA2
2020-08-02,Incredibles 2,2018,https://boxd.it/7IPg
2020-08-02,WALL·E,2008,https://boxd.it/1VEo
2020-08-02,John Wick,2014,https://boxd.it/7dEc
2020-08-02,Avengers: Age of Ultron,2015,https://boxd.it/3qi6
2020-08-02,Donnie Darko,2001,https://boxd.it/2b2A
2020-08-02,American Psycho,2000,https://boxd.it/28Vs
2020-08-02,Zodiac,2007,https://boxd.it/27MO
2020-08-02,The Incredibles,2004,https://boxd.it/1XLm
2020-08-02,Toy Story,1995,https://boxd.it/29qA
2020-08-02,Iron Man,2008,https://boxd.it/28dA
2020-08-02,Moonrise Kingdom,2012,https://boxd.it/2Wng
2020-08-02,Return of the Jedi,1983,https://boxd.it/27Vm
2020-08-02,Isle of Dogs,2018,https://boxd.it/dZrW
2020-08-02,The Breakfast Club,1985,https://boxd.it/27q4
2020-08-02,Finding Nemo,2003,https://boxd.it/72i
2020-08-02,Ant-Man,2015,https://boxd.it/3vmW
2020-08-02,Batman Begins,2005,https://boxd.it/2aIg
2020-08-02,Zootopia,2016,https://boxd.it/84xS
2020-08-02,Harry Potter and the Prisoner of Azkaban,2004,https://boxd.it/29Qy
2020-08-02,Snowpiercer,2013,https://boxd.it/3Icg
2020-08-02,Harry Potter and the Philosopher's Stone,2001,https://boxd.it/29QS
2020-08-02,The Prestige,2006,https://boxd.it/293w
2020-08-02,Eighth Grade,2018,https://boxd.it/hDMG
2020-08-02,Toy Story 3,2010,https://boxd.it/1WRe
2020-08-02,Captain America: The First Avenger,2011,https://boxd.it/28b0
2020-08-02,My Neighbor Totoro,1988,https://boxd.it/20eA
2020-08-02,"Monsters, Inc.",2001,https://boxd.it/2a46
2020-08-02,Jaws,1975,https://boxd.it/2a5e
2020-08-02,Avatar,2009,https://boxd.it/1Efm
2020-08-02,Fantastic Mr. Fox,2009,https://boxd.it/1WyQ
2020-08-02,Ant-Man and the Wasp,2018,https://boxd.it/cqUW
2020-08-02,Iron Man 3,2013,https://boxd.it/2cBQ
2020-08-02,Shaun of the Dead,2004,https://boxd.it/29J8
2020-08-02,Solo: A Star Wars Story,2018,https://boxd.it/bGWs
2020-08-02,Star Wars: Episode I – The Phantom Menace,1999,https://boxd.it/27Vc
2020-08-02,Harry Potter and the Deathly Hallows: Part 2,2011,https://boxd.it/1RYk
2020-08-02,Good Time,2017,https://boxd.it/fcFu
2020-08-02,Star Wars: Episode III – Revenge of the Sith,2005,https://boxd.it/27US
2020-08-02,Moana,2016,https://boxd.it/8tfY
2020-08-02,Ferris Bueller's Day Off,1986,https://boxd.it/1YPY
2020-08-02,Thor,2011,https://boxd.it/1WQU
2020-08-02,The Farewell,2019,https://boxd.it/kIky
2020-08-02,What We Do in the Shadows,2014,https://boxd.it/7eQy
2020-08-02,Catch Me If You Can,2002,https://boxd.it/29VS
2020-08-02,Trainspotting,1996,https://boxd.it/29XY
2020-08-02,Harry Potter and the Goblet of Fire,2005,https://boxd.it/29Qo
2020-08-02,The Imitation Game,2014,https://boxd.it/6aig
2020-08-02,Harry Potter and the Chamber of Secrets,2002,https://boxd.it/29QI
2020-08-02,Iron Man 2,2010,https://boxd.it/1WZM
2020-08-02,Big Hero 6,2014,https://boxd.it/5rje
2020-08-02,Hot Fuzz,2007,https://boxd.it/2416
2020-08-02,Frozen,2013,https://boxd.it/3GNa
2020-08-02,Harry Potter and the Order of the Phoenix,2007,https://boxd.it/29Qe
2020-08-02,Shrek,2001,https://boxd.it/29zi
2020-08-02,Harry Potter and the Deathly Hallows: Part 1,2010,https://boxd.it/1RYu
2020-08-02,Die Hard,1988,https://boxd.it/2a7u
2020-08-02,John Wick: Chapter 2,2017,https://boxd.it/ayGu
2020-08-02,John Wick: Chapter 3 – Parabellum,2019,https://boxd.it/gmFw
2020-08-02,Star Wars: Episode II – Attack of the Clones,2002,https://boxd.it/27V2
2020-08-02,The Big Short,2015,https://boxd.it/ajZw
2020-08-02,E.T. the Extra-Terrestrial,1982,https://boxd.it/2a1G
2020-08-02,Zombieland,2009,https://boxd.it/1En6
2020-08-02,Okja,2017,https://boxd.it/dvXe
2020-08-02,Thor: The Dark World,2013,https://boxd.it/2DqA
2020-08-02,Full Metal Jacket,1987,https://boxd.it/2a1Q
2020-08-02,Bird Box,2018,https://boxd.it/eh1i
2020-08-02,Harry Potter and the Half-Blood Prince,2009,https://boxd.it/29FU
2020-08-02,Venom,2018,https://boxd.it/b8wA
2020-08-02,Scarface,1983,https://boxd.it/2b7g
2020-08-02,Superbad,2007,https://boxd.it/20hO
2020-08-02,Train to Busan,2016,https://boxd.it/dSQU
2020-08-02,Ghostbusters,1984,https://boxd.it/g2w
2020-08-02,The Nightmare Before Christmas,1993,https://boxd.it/1YzQ
2020-08-02,The Terminator,1984,https://boxd.it/2aQY
2020-08-02,Crazy Rich Asians,2018,https://boxd.it/gfnK
2020-08-02,21 Jump Street,2012,https://boxd.it/J0
2020-08-02,The Princess Bride,1987,https://boxd.it/26EY
2020-08-02,Dallas Buyers Club,2013,https://boxd.it/4O8G
2020-08-02,How to Train Your Dragon,2010,https://boxd.it/1WRy
2020-08-02,Looper,2012,https://boxd.it/ham
2020-08-02,Coraline,2009,https://boxd.it/1NhQ
2020-08-02,Hell or High Water,2016,https://boxd.it/bfGM
2020-08-02,Brave,2012,https://boxd.it/bVG
2020-08-02,Moon,2009,https://boxd.it/1IGQ
2020-08-02,Monsters University,2013,https://boxd.it/bQm
2020-08-02,Borat: Cultural Learnings of America for Make Benefit Glorious Nation of Kazakhstan,2006,https://boxd.it/2agQ
2020-08-02,Portrait of a Lady on Fire,2019,https://boxd.it/jkPq
2020-08-02,Mishima: A Life in Four Chapters,1985,https://boxd.it/1sBA
2020-08-02,Melancholia,2011,https://boxd.it/bPI
2020-08-02,Beautiful Boy,2018,https://boxd.it/g76Q
2020-08-02,Lion,2016,https://boxd.it/b2La
2020-08-02,Cars,2006,https://boxd.it/29ho
2020-08-02,El Camino: A Breaking Bad Movie,2019,https://boxd.it/kv0q
2020-08-02,22 Jump Street,2014,https://boxd.it/5Fvy
2020-08-02,Alita: Battle Angel,2019,https://boxd.it/e0rS
2020-08-02,Captain Fantastic,2016,https://boxd.it/b2K2
2020-08-02,Kubo and the Two Strings,2016,https://boxd.it/a4wE
2020-08-02,I Am Legend,2007,https://boxd.it/21DG
2020-08-02,A Beautiful Mind,2001,https://boxd.it/2amk
2020-08-02,Despicable Me,2010,https://boxd.it/1DD8
2020-08-02,Kung Fu Panda,2008,https://boxd.it/1Yws
2020-08-02,Ted,2012,https://boxd.it/2pgc
2020-08-02,Sin City,2005,https://boxd.it/2aVk
2020-08-02,Lilo & Stitch,2002,https://boxd.it/1TAY
2020-08-02,Elf,2003,https://boxd.it/1VyK
2020-08-02,The Fault in Our Stars,2014,https://boxd.it/6BQa
2020-08-02,Ice Age,2002,https://boxd.it/2apS
2020-08-02,Ponyo,2008,https://boxd.it/1S0A
2020-08-02,The Goonies,1985,https://boxd.it/1YVC
2020-08-02,Gremlins,1984,https://boxd.it/29gg
2020-08-02,RoboCop,1987,https://boxd.it/22Wu
2020-08-02,Captain Phillips,2013,https://boxd.it/3GPK
2020-08-02,The Bourne Identity,2002,https://boxd.it/26EO
2020-08-02,Predator,1987,https://boxd.it/2b84
2020-08-02,The Interview,2014,https://boxd.it/6KQ4
2020-08-02,Madagascar,2005,https://boxd.it/29dc
2020-08-02,Misery,1990,https://boxd.it/28gY
2020-08-02,The Hurt Locker,2008,https://boxd.it/1Soi
2020-08-02,Straight Outta Compton,2015,https://boxd.it/8rMc
2020-08-03,Stalker,1979,https://boxd.it/28PO
2020-08-03,Frances Ha,2012,https://boxd.it/41Xg
2020-08-04,Andrei Rublev,1966,https://boxd.it/29lg
2020-08-04,Mirror,1975,https://boxd.it/28Q8
2020-08-04,Swiss Army Man,2016,https://boxd.it/bDG2
2020-08-04,Cube,1997,https://boxd.it/2aoU
2020-08-04,Indiana Jones and the Temple of Doom,1984,https://boxd.it/2bb8
2020-08-05,My Life as a Zucchini,2016,https://boxd.it/dL2y
2020-08-05,The Breadwinner,2017,https://boxd.it/frLs
2020-08-06,The Night Comes for Us,2018,https://boxd.it/g2lc
2020-08-06,The Raid,2011,https://boxd.it/3hBy
2020-08-06,The Raid 2,2014,https://boxd.it/5uz0
2020-08-06,The Sacrifice,1986,https://boxd.it/1xg8
2020-08-06,Fruitvale Station,2013,https://boxd.it/4VRy
2020-08-07,Shoplifters,2018,https://boxd.it/ifY6
2020-08-07,From Dusk Till Dawn,1996,https://boxd.it/29HQ
2020-08-07,House,1977,https://boxd.it/1vsm
2020-08-08,April and the Extraordinary World,2015,https://boxd.it/bjXi
2020-08-08,The Steamroller and the Violin,1961,https://boxd.it/16he
2020-08-08,Mountain,2017,https://boxd.it/gwFw
2020-08-08,Where Is the Friend's House?,1987,https://boxd.it/ELg
2020-08-08,Wreck-It Ralph,2012,https://boxd.it/2TTS
2020-08-08,The Hobbit: An Unexpected Journey,2012,https://boxd.it/GZk
2020-08-08,Monty Python and the Holy Grail,1975,https://boxd.it/29GI
2020-08-08,Casino Royale,2006,https://boxd.it/1alk
2020-08-08,Charlie and the Chocolate Factory,2005,https://boxd.it/2b68
2020-08-08,Pacific Rim,2013,https://boxd.it/2cB2
2020-08-08,The Hunger Games: Mockingjay – Part 1,2014,https://boxd.it/4hka
2020-08-08,Hunt for the Wilderpeople,2016,https://boxd.it/cTgG
2020-08-08,The Hobbit: The Battle of the Five Armies,2014,https://boxd.it/43aU
2020-08-08,Spectre,2015,https://boxd.it/6bXY
2020-08-08,Paddington,2014,https://boxd.it/3RKw
2020-08-08,Mission: Impossible – Ghost Protocol,2011,https://boxd.it/psI
2020-08-08,Battle Royale,2000,https://boxd.it/25zS
2020-08-08,Free Solo,2018,https://boxd.it/iEEq
2020-08-08,The Deer Hunter,1978,https://boxd.it/1T6O
2020-08-08,Ocean's Twelve,2004,https://boxd.it/2aZ2
2020-08-08,The Bourne Ultimatum,2007,https://boxd.it/26Eu
2020-08-08,Chicken Run,2000,https://boxd.it/20Xg
2020-08-08,Speed,1994,https://boxd.it/28qk
2020-08-08,Mission: Impossible III,2006,https://boxd.it/29cI
2020-08-08,National Treasure,2004,https://boxd.it/27x0
2020-08-08,Elysium,2013,https://boxd.it/2cBm
2020-08-08,Clerks,1994,https://boxd.it/2706
2020-08-08,Leave No Trace,2018,https://boxd.it/fMfM
2020-08-08,Men in Black II,2002,https://boxd.it/2a0y
2020-08-08,American Pie,1999,https://boxd.it/27qy
2020-08-08,Bee Movie,2007,https://boxd.it/22Vw
2020-08-08,Mission: Impossible II,2000,https://boxd.it/29cS
2020-08-08,Ace Ventura: Pet Detective,1994,https://boxd.it/25RW
2020-08-08,The Bourne Supremacy,2004,https://boxd.it/26EE
2020-08-08,8 Mile,2002,https://boxd.it/2bew
2020-08-08,Sinister,2012,https://boxd.it/2TnW
2020-08-08,Dope,2015,https://boxd.it/9Tho
2020-08-08,The Other Guys,2010,https://boxd.it/1rtq
2020-08-08,Scary Movie,2000,https://boxd.it/24CG
2020-08-08,Minions,2015,https://boxd.it/6jCO
2020-08-08,Hellraiser,1987,https://boxd.it/1Zpi
2020-08-08,It's Such a Beautiful Day,2012,https://boxd.it/hCY2
2020-08-08,Tucker and Dale vs. Evil,2010,https://boxd.it/Mce
2020-08-08,Black Hawk Down,2001,https://boxd.it/29rI
2020-08-08,Beasts of No Nation,2015,https://boxd.it/8Lp8
2020-08-08,Meet the Robinsons,2007,https://boxd.it/28Ym
2020-08-08,The Dawn Wall,2017,https://boxd.it/hCP0
2020-08-08,Valley Uprising,2014,https://boxd.it/9khS
2020-08-08,Buried,2010,https://boxd.it/1tXC
2020-08-08,Cool Hand Luke,1967,https://boxd.it/29jY
2020-08-09,Fantastic Planet,1973,https://boxd.it/1KnQ
2020-08-09,9,2009,https://boxd.it/1Scm
2020-08-10,Idiots and Angels,2008,https://boxd.it/WH2
2020-08-10,Palm Springs,2020,https://boxd.it/lCXQ
2020-08-10,Cheatin',2013,https://boxd.it/6KlK
2020-08-11,She's Gotta Have It,1986,https://boxd.it/1quC
2020-08-12,Once Upon a Time… in Hollywood,2019,https://boxd.it/gH0O
2020-08-12,Creep,2014,https://boxd.it/7l4c
2020-08-12,Street of Crocodiles,1986,https://boxd.it/ifW
2020-08-13,Burn After Reading,2008,https://boxd.it/23BW
2020-08-13,Eraserhead,1977,https://boxd.it/299u
2020-08-14,Brazil,1985,https://boxd.it/2be2
2020-08-15,Mad Max,1979,https://boxd.it/1Y7i
2020-08-15,The Vanishing,1988,https://boxd.it/1ZTW
2020-08-16,First Reformed,2017,https://boxd.it/go9C
2020-08-17,You Were Never Really Here,2017,https://boxd.it/dWOS
2020-08-17,The Lighthouse,2019,https://boxd.it/icFU
2020-08-18,High Life,2018,https://boxd.it/d6bk
2020-08-18,mid90s,2018,https://boxd.it/fxIa
2020-08-19,Honey Boy,2019,https://boxd.it/ixvm
2020-08-20,Black Mirror: The National Anthem,2011,https://boxd.it/hQYK
2020-08-20,Black Mirror: Fifteen Million Merits,2011,https://boxd.it/hQYU
2020-08-24,Inside Llewyn Davis,2013,https://boxd.it/34Ro
2020-08-24,Black Mirror: The Entire History of You,2011,https://boxd.it/hQZ4
2020-08-25,Black Mirror: White Bear,2013,https://boxd.it/hRpG
2020-08-25,Black Mirror: The Waldo Moment,2013,https://boxd.it/hRpQ
2020-08-25,Watchmen,2019,https://boxd.it/ol5e
2020-08-25,Black Mirror: Be Right Back,2013,https://boxd.it/hRpw
2020-08-25,La La Land,2016,https://boxd.it/a5fa
2020-08-26,Black Mirror: White Christmas,2014,https://boxd.it/B3qu
2020-08-26,Step Brothers,2008,https://boxd.it/1SsE
2020-08-26,Mission: Impossible – Fallout,2018,https://boxd.it/bSVc
2020-08-26,Mission: Impossible – Rogue Nation,2015,https://boxd.it/5rI4
2020-08-26,Mission: Impossible,1996,https://boxd.it/29d2
2020-08-26,Skyfall,2012,https://boxd.it/17Fc
2020-08-26,Quantum of Solace,2008,https://boxd.it/1Vs8
2020-08-26,The Babysitter,2017,https://boxd.it/eP1w
2020-08-26,"Ken Jeong: You Complete Me, Ho",2019,https://boxd.it/l4D8
2020-08-26,To All the Boys I've Loved Before,2018,https://boxd.it/gHec
2020-08-26,The Package,2018,https://boxd.it/ibD4
2020-08-26,Finding Dory,2016,https://boxd.it/4aAA
2020-08-26,Jurassic World,2015,https://boxd.it/4n0g
2020-08-26,Kingsman: The Secret Service,2014,https://boxd.it/6dxe
2020-08-26,The Book of Life,2014,https://boxd.it/6JKY
2020-08-26,The Boxtrolls,2014,https://boxd.it/5grw
2020-08-26,Edge of Tomorrow,2014,https://boxd.it/4pD0
2020-08-26,Dawn of the Planet of the Apes,2014,https://boxd.it/3XyQ
2020-08-26,How to Train Your Dragon 2,2014,https://boxd.it/2TRW
2020-08-26,Muppets Most Wanted,2014,https://boxd.it/4Cti
2020-08-26,Divergent,2014,https://boxd.it/4VT0
2020-08-26,The Hunger Games: Catching Fire,2013,https://boxd.it/3sAw
2020-08-26,The Hobbit: The Desolation of Smaug,2013,https://boxd.it/nmS
2020-08-26,Ender's Game,2013,https://boxd.it/2N9Y
2020-08-26,Cloudy with a Chance of Meatballs 2,2013,https://boxd.it/3GMw
2020-08-26,World War Z,2013,https://boxd.it/2p2E
2020-08-26,Now You See Me,2013,https://boxd.it/2Bsu
2020-08-26,Despicable Me 2,2013,https://boxd.it/3gg0
2020-08-26,The Conjuring,2013,https://boxd.it/4sr2
2020-08-26,Star Trek Into Darkness,2013,https://boxd.it/uYE
2020-08-26,Movie 43,2013,https://boxd.it/37qK
2020-08-26,Pitch Perfect,2012,https://boxd.it/3OsE
2020-08-26,The Adventures of Panda Warrior,2012,https://boxd.it/elC8
2020-08-26,The Bourne Legacy,2012,https://boxd.it/H16
2020-08-26,Magic Mike,2012,https://boxd.it/2HvY
2020-08-26,Searching for Sugar Man,2012,https://boxd.it/2Y3s
2020-08-26,The Hunger Games,2012,https://boxd.it/2uds
2020-08-26,We Bought a Zoo,2011,https://boxd.it/2AU8
2020-08-26,The Adventures of Tintin,2011,https://boxd.it/1Irc
2020-08-26,Hugo,2011,https://boxd.it/R08
2020-08-26,Rise of the Planet of the Apes,2011,https://boxd.it/cS4
2020-08-26,Cowboys & Aliens,2011,https://boxd.it/F2G
2020-08-26,Super 8,2011,https://boxd.it/dVI
2020-08-26,Kung Fu Panda 2,2011,https://boxd.it/G36
2020-08-26,X-Men: First Class,2011,https://boxd.it/FOA
2020-08-26,Pirates of the Caribbean: On Stranger Tides,2011,https://boxd.it/27Z4
2020-08-26,TRON: Legacy,2010,https://boxd.it/1Dlo
2020-08-26,Brüno,2009,https://boxd.it/1GSA
2020-08-26,G-Force,2009,https://boxd.it/1ETc
2020-08-26,Cloudy with a Chance of Meatballs,2009,https://boxd.it/1A40
2020-08-26,Up,2009,https://boxd.it/1OEc
2020-08-26,Paul Blart: Mall Cop,2009,https://boxd.it/1NQw
2020-08-26,Bolt,2008,https://boxd.it/1QXg
2020-08-26,Tropic Thunder,2008,https://boxd.it/20WM
2020-08-26,Pineapple Express,2008,https://boxd.it/1WRS
2020-08-26,Madagascar: Escape 2 Africa,2008,https://boxd.it/1W2K
2020-08-26,Spider-Man 3,2007,https://boxd.it/2a7Y
2020-08-26,Flushed Away,2006,https://boxd.it/1Tpm
2020-08-26,Night at the Museum,2006,https://boxd.it/28wi
2020-08-26,Ratatouille,2007,https://boxd.it/27ww
2020-08-26,Over the Hedge,2006,https://boxd.it/20QY
2020-08-26,Ice Age: The Meltdown,2006,https://boxd.it/2wRk
2020-08-26,Chicken Little,2005,https://boxd.it/1Xnu
2020-08-26,Wallace & Gromit: The Curse of the Were-Rabbit,2005,https://boxd.it/2ac0
2020-08-26,Robots,2005,https://boxd.it/1Xve
2020-08-26,Spider-Man 2,2004,https://boxd.it/2a88
2020-08-26,Shrek 2,2004,https://boxd.it/29z8
2020-08-26,Pirates of the Caribbean: The Curse of the Black Pearl,2003,https://boxd.it/70G
2020-08-26,Austin Powers in Goldmember,2002,https://boxd.it/29xG
2020-08-26,Spider-Man,2002,https://boxd.it/2a8i
2020-08-26,Ocean's Eleven,2001,https://boxd.it/2aZm
2020-08-26,Scary Movie 2,2001,https://boxd.it/24Cw
2020-08-26,The Perfect Storm,2000,https://boxd.it/27n0
2020-08-26,"South Park: Bigger, Longer & Uncut",1999,https://boxd.it/1YAO
2020-08-26,A Bug's Life,1998,https://boxd.it/1Yyy
2020-08-26,Se7en,1995,https://boxd.it/29zs
2020-08-26,Raising Arizona,1987,https://boxd.it/2avQ
2020-08-26,Stand by Me,1986,https://boxd.it/2aOe
2020-08-26,Toy Story 2,1999,https://boxd.it/29qq
2020-08-26,Terminator 2: Judgment Day,1991,https://boxd.it/2aGY
2020-08-26,Pirates of the Caribbean: Dead Man's Chest,2006,https://boxd.it/2bfk
2020-08-26,X-Men: Days of Future Past,2014,https://boxd.it/4aRw
2020-08-26,The Iron Giant,1999,https://boxd.it/1Wow
2020-08-26,28 Days Later,2002,https://boxd.it/2aXU
2020-08-26,Men in Black,1997,https://boxd.it/2a0I
2020-08-26,Paddington 2,2017,https://boxd.it/bCF8
2020-08-26,Black Mirror: Bandersnatch,2018,https://boxd.it/kTDG
2020-08-26,The Sound of Music,1965,https://boxd.it/1MLK
2020-08-26,Cars 2,2011,https://boxd.it/H4Y
2020-08-26,Big,1988,https://boxd.it/271S
2020-08-26,The Fast and the Furious,2001,https://boxd.it/1XMu
2020-08-26,Ocean's Thirteen,2007,https://boxd.it/2aEy
2020-08-26,Spaceballs,1987,https://boxd.it/29cy
2020-08-26,The Mist,2007,https://boxd.it/22r2
2020-08-26,2 Fast 2 Furious,2003,https://boxd.it/2a4g
2020-08-26,The Lorax,2012,https://boxd.it/2w9M
2020-08-27,Sunset Boulevard,1950,https://boxd.it/2a20
2020-08-27,The Handmaiden,2016,https://boxd.it/948A
2020-08-27,Climax,2018,https://boxd.it/ikvo
2020-08-28,Anima,2019,https://boxd.it/mxuc
2020-08-29,Star Wars: The Rise of Skywalker,2019,https://boxd.it/5xlK
2020-08-29,Bert Kreischer: Hey Big Boy,2020,https://boxd.it/paC4
2020-08-29,Bert Kreischer: Secret Time,2018,https://boxd.it/jNla
2020-08-29,Ronny Chieng: Asian Comedian Destroys America!,2019,https://boxd.it/o8SC
2020-08-29,Dave Chappelle: Sticks & Stones,2019,https://boxd.it/n8fy
2020-08-29,The Boss Baby,2017,https://boxd.it/9mfO
2020-08-29,World of Tomorrow,2015,https://boxd.it/9Gr6
2020-08-29,Chef,2014,https://boxd.it/6lCG
2020-08-29,The Muppets,2011,https://boxd.it/1zg
2020-08-29,Curious George,2006,https://boxd.it/1Xos
2020-08-29,The Adventures of Sharkboy and Lavagirl,2005,https://boxd.it/1Ozm
2020-08-30,Inception,2010,https://boxd.it/1skk
2020-08-31,The Young and the Damned,1950,https://boxd.it/29AA
2020-08-31,Hereditary,2018,https://boxd.it/hNVe
2020-09-01,The Witch,2015,https://boxd.it/9X0m
2020-09-02,The Master,2012,https://boxd.it/2cBG
2020-09-04,Persona,1966,https://boxd.it/29B4
2020-09-05,I'm Thinking of Ending Things,2020,https://boxd.it/i4IQ
2020-09-05,La Haine,1995,https://boxd.it/2as8
2020-09-06,Ivan's Childhood,1962,https://boxd.it/1j6y
2020-09-07,Project Power,2020,https://boxd.it/ml8S
2020-09-07,The Face of Another,1966,https://boxd.it/1nso
2020-09-08,Three Colours: Red,1994,https://boxd.it/2b7q
2020-09-08,The Willoughbys,2020,https://boxd.it/kv2G
2020-09-08,Due Date,2010,https://boxd.it/YFs
2020-09-09,Get Duked!,2019,https://boxd.it/llgK
2020-09-10,Three Colours: Blue,1993,https://boxd.it/2b7K
2020-09-10,Suspiria,2018,https://boxd.it/cioI
2020-09-11,Blow the Man Down,2019,https://boxd.it/lzJ2
2020-09-11,Guns Akimbo,2019,https://boxd.it/gkFu
2020-09-11,Ghost in the Shell,1995,https://boxd.it/1YYc
2020-09-12,Paterson,2016,https://boxd.it/cRk2
2020-09-13,Cries and Whispers,1972,https://boxd.it/1WK8
2020-09-15,Being John Malkovich,1999,https://boxd.it/2ahu
2020-09-16,Winter Light,1963,https://boxd.it/1nrU
2020-09-23,Eternal Sunshine of the Spotless Mind,2004,https://boxd.it/6YK
2020-09-25,Punch-Drunk Love,2002,https://boxd.it/20E4
2020-09-28,Requiem for a Dream,2000,https://boxd.it/29VI
2020-10-07,We Need to Talk About Kevin,2011,https://boxd.it/2pTS
2020-10-09,In This Corner of the World,2016,https://boxd.it/d9kY
2020-10-11,Enola Holmes,2020,https://boxd.it/hX2o
2020-10-12,Halloween,1978,https://boxd.it/2wRu
2020-10-14,Ichi the Killer,2001,https://boxd.it/1Y1O
2020-10-16,Mandy,2018,https://boxd.it/gtti
2020-10-18,Enter the Void,2009,https://boxd.it/1dy2
2020-10-26,Borat Subsequent Moviefilm,2020,https://boxd.it/rNS0
2020-11-11,The Pirates! In an Adventure with Scientists!,2012,https://boxd.it/2p1w
2020-11-11,Lost in Translation,2003,https://boxd.it/2b0E
2020-11-12,A Shaun the Sheep Movie: Farmageddon,2019,https://boxd.it/eXfm
2020-11-12,Twin Peaks,1989,https://boxd.it/g8pk
2020-11-13,The Lego Movie,2014,https://boxd.it/4pDO
2020-11-14,Pokémon Detective Pikachu,2019,https://boxd.it/fVA0
2020-11-14,Invader Zim: Enter the Florpus,2019,https://boxd.it/gXDM
2020-11-15,The Red Turtle,2016,https://boxd.it/bdkE
2020-11-15,Twin Peaks: Fire Walk with Me,1992,https://boxd.it/27Qw
2020-11-16,The Squid and the Whale,2005,https://boxd.it/1VAG
2020-11-17,Children of Men,2006,https://boxd.it/1Y2i
2020-11-17,Paddleton,2019,https://boxd.it/j4YQ
2020-11-18,Dick Johnson Is Dead,2020,https://boxd.it/oigy
2020-11-18,The Platform,2019,https://boxd.it/mUm6
2020-11-19,L'Argent,1983,https://boxd.it/XIg
2020-11-26,#Alive,2020,https://boxd.it/mJl2
2020-11-27,The Croods,2013,https://boxd.it/FRE
2020-11-27,His House,2020,https://boxd.it/l8Qq
2020-11-28,The Royal Tenenbaums,2001,https://boxd.it/1YHU
2020-11-29,Cold War,2018,https://boxd.it/fEoc
2020-11-29,Rushmore,1998,https://boxd.it/1TAO
2020-11-30,The Life Aquatic with Steve Zissou,2004,https://boxd.it/2aqw
2020-12-01,The Last Black Man in San Francisco,2019,https://boxd.it/iWAw
2020-12-02,The Neon Demon,2016,https://boxd.it/9AnW
2020-12-03,Polytechnique,2009,https://boxd.it/1AMG
2020-12-04,Lovers Rock,2020,https://boxd.it/Cpn0
2020-12-05,Klaus,2019,https://boxd.it/ipoi
2020-12-06,Sound of Metal,2019,https://boxd.it/i7Q4
2020-12-07,Manchester by the Sea,2016,https://boxd.it/b2L0
2020-12-08,The Usual Suspects,1995,https://boxd.it/29XE
2020-12-09,The Killing,1956,https://boxd.it/2aMi
2020-12-09,"Red, White and Blue",2020,https://boxd.it/siQE
2020-12-10,Harold and Maude,1971,https://boxd.it/2axM
2020-12-10,Call Me by Your Name,2017,https://boxd.it/dYmm
2020-12-11,"O Brother, Where Art Thou?",2000,https://boxd.it/2b3I
2020-12-12,Alex Wheatle,2020,https://boxd.it/sff6
2020-12-14,Hard Eight,1996,https://boxd.it/20DU
2020-12-15,The Virgin Suicides,1999,https://boxd.it/28JG
2020-12-16,Night of the Living Dead,1968,https://boxd.it/1WwA
2020-12-17,Mangrove,2020,https://boxd.it/qEAa
2020-12-17,Amélie,2001,https://boxd.it/2aUc
2020-12-17,Opera,1987,https://boxd.it/1E2M
2020-12-18,Education,2020,https://boxd.it/sTpK
2020-12-19,The Fog,1980,https://boxd.it/29Cc
2020-12-19,Ernest & Celestine,2012,https://boxd.it/493A
2020-12-20,Swans: Where Does a Body End?,2019,https://boxd.it/lSh2
2020-12-21,ThanksKilling,2008,https://boxd.it/gcG
2020-12-21,Deep Red,1975,https://boxd.it/1E1E
2020-12-21,Evil Dead II,1987,https://boxd.it/29Ge
2020-12-22,The Slumber Party Massacre,1982,https://boxd.it/1rIq
2020-12-22,Stranger Than Paradise,1984,https://boxd.it/2ajU
2020-12-22,Solaris,1972,https://boxd.it/2a2Y
2020-12-23,Ma Rainey's Black Bottom,2020,https://boxd.it/mLcm
2020-12-23,2001: A Space Odyssey,1968,https://boxd.it/2bf0
2020-12-24,Never Rarely Sometimes Always,2020,https://boxd.it/lWJk
2020-12-24,Time,2020,https://boxd.it/oiOA
2020-12-26,Soul,2020,https://boxd.it/ioLA
2020-12-27,Tigertail,2020,https://boxd.it/jRik
2020-12-27,City of God,2002,https://boxd.it/2a2a
2020-12-27,Over the Moon,2020,https://boxd.it/kv2Q
2020-12-28,On the Rocks,2020,https://boxd.it/l8aY
2020-12-28,Wolfwalkers,2020,https://boxd.it/fGrC
2020-12-28,Le Samouraï,1967,https://boxd.it/22ZI
2020-12-29,Autumn Sonata,1978,https://boxd.it/1Rio
2020-12-29,Videodrome,1983,https://boxd.it/29uC
2020-12-29,In the Mood for Love,2000,https://boxd.it/29tE
2020-12-30,Before Sunrise,1995,https://boxd.it/2bcU
2020-12-30,Before Sunset,2004,https://boxd.it/2bcg
2020-12-30,The Grand Budapest Hotel,2014,https://boxd.it/3ZqO
2020-12-31,The 400 Blows,1959,https://boxd.it/2b1C
2020-12-31,Da 5 Bloods,2020,https://boxd.it/lnXw
2021-01-01,Mulholland Drive,2001,https://boxd.it/297o
2021-01-01,Phantom Thread,2017,https://boxd.it/e4uc
2021-01-02,20th Century Women,2016,https://boxd.it/bqU6
2021-01-02,The Meyerowitz Stories (New and Selected),2017,https://boxd.it/dSp0
2021-01-03,Django Unchained,2012,https://boxd.it/2cCk
2021-01-04,Rilakkuma and Kaoru,2019,https://boxd.it/mwug
2021-01-04,The Hateful Eight,2015,https://boxd.it/8gw8
2021-01-06,The Evil Dead,1981,https://boxd.it/29Go
2021-01-06,The Holy Mountain,1973,https://boxd.it/20mu
2021-01-07,Kill la Kill,2013,https://boxd.it/px0M
2021-01-07,Ida,2013,https://boxd.it/6fRg
2021-01-08,Funny Games,1997,https://boxd.it/1WKM
2021-01-09,The Turin Horse,2011,https://boxd.it/2Qsk
2021-01-10,The Irishman,2019,https://boxd.it/dYOq
2021-01-11,Mank,2020,https://boxd.it/mIuC
2021-01-11,Gravity,2013,https://boxd.it/GZY
2021-01-12,Death Note,2006,https://boxd.it/psEs
2021-01-12,Devilman Crybaby,2018,https://boxd.it/muwa
2021-01-13,Death Note,2017,https://boxd.it/bOS4
2021-01-13,A Serious Man,2009,https://boxd.it/1RFW
2021-01-14,Hubie Halloween,2020,https://boxd.it/mQwm
2021-01-14,"Hail, Caesar!",2016,https://boxd.it/881G
2021-01-15,Extraction,2020,https://boxd.it/jUjA
2021-01-15,Carol,2015,https://boxd.it/7DPK
2021-01-16,Violet Evergarden,2018,https://boxd.it/px3Q
2021-01-16,We Can Be Heroes,2020,https://boxd.it/mLc2
2021-01-16,"Violet Evergarden: The Day You Will Understand ""Love"" Will Surely Come",2018,https://boxd.it/kl3Y
2021-01-16,Blue Velvet,1986,https://boxd.it/29BI
2021-01-17,Night on Earth,1991,https://boxd.it/2ayq
2021-01-18,Beastie Boys Story,2020,https://boxd.it/oIW6
2021-01-18,Juno,2007,https://boxd.it/210a
2021-01-19,American Honey,2016,https://boxd.it/bk7C
2021-01-21,Violet Evergarden: Eternity and the Auto Memory Doll,2019,https://boxd.it/mzze
2021-01-22,The Ballad of Buster Scruggs,2018,https://boxd.it/jB2q
2021-01-23,All Dogs Go to Heaven,1989,https://boxd.it/1TIo
2021-01-24,The Queen's Gambit,2020,https://boxd.it/s1Ym
2021-01-24,Modest Heroes,2018,https://boxd.it/iDYa
2021-01-25,Beau Travail,1999,https://boxd.it/1NI8
2021-01-25,Kuroneko,1968,https://boxd.it/12mE
2021-01-26,Killer Klowns from Outer Space,1988,https://boxd.it/1Kpi
2021-01-26,Tampopo,1985,https://boxd.it/1SZe
2021-01-26,Fishing with John,1991,https://boxd.it/gtsu
2021-01-27,The White Tiger,2021,https://boxd.it/nhg6
2021-01-27,The Burden,2017,https://boxd.it/gkhM
2021-01-27,"Paris, Texas",1984,https://boxd.it/29Ts
2021-01-27,Pickpocket,1959,https://boxd.it/29O8
2021-01-28,Kirikou and the Sorceress,1998,https://boxd.it/1C3y
2021-01-28,The Seventh Seal,1957,https://boxd.it/2ahO
2021-01-29,Penguins of Madagascar,2014,https://boxd.it/89tc
2021-01-29,Sympathy for Mr. Vengeance,2002,https://boxd.it/23WU
2021-01-30,The Dig,2021,https://boxd.it/jo2i
2021-01-30,Gnome Alone,2017,https://boxd.it/gIJU
2021-01-30,Marketa Lazarová,1967,https://boxd.it/1uSS
2021-02-01,"Yes, God, Yes",2019,https://boxd.it/jaGS
2021-02-02,Below Zero,2021,https://boxd.it/lDY6
2021-02-02,The Ascent,1977,https://boxd.it/Eew
2021-02-03,Palmer,2021,https://boxd.it/gmRW
2021-02-04,Lady Vengeance,2005,https://boxd.it/248G
2021-02-05,Days of Heaven,1978,https://boxd.it/1JRg
2021-02-05,Taste of Cherry,1997,https://boxd.it/1m8W
2021-02-06,Paths of Glory,1957,https://boxd.it/29b6
2021-02-09,The Kid,1921,https://boxd.it/1X5U
2021-02-10,Modern Times,1936,https://boxd.it/25MC
2021-02-12,A Dog's Life,1918,https://boxd.it/1b5s
2021-02-14,Star Wars: The Last Jedi,2017,https://boxd.it/5xme
2021-02-15,Chungking Express,1994,https://boxd.it/1UDa
2021-02-17,Fallen Angels,1995,https://boxd.it/1UkW
2021-02-18,James and the Giant Peach,1996,https://boxd.it/1W0O
2021-02-18,Yi Yi,2000,https://boxd.it/1vCw
2021-02-19,A Brighter Summer Day,1991,https://boxd.it/1Luy
2021-02-20,Malcolm & Marie,2021,https://boxd.it/r5cO
2021-02-20,Fanny and Alexander,1982,https://boxd.it/22go
2021-02-21,Close-Up,1990,https://boxd.it/1m9q
2021-02-21,The Passion of Joan of Arc,1928,https://boxd.it/29DO
2021-02-21,Under the Skin,2013,https://boxd.it/3mDa
2021-02-22,Wild Strawberries,1957,https://boxd.it/29ZU
2021-02-23,The Little Things,2021,https://boxd.it/mdxU
2021-02-24,GoodFellas,1990,https://boxd.it/29FA
2021-02-25,Dr. Strangelove or: How I Learned to Stop Worrying and Love the Bomb,1964,https://boxd.it/29eY
2021-02-26,Paper Moon,1973,https://boxd.it/1Ud2
2021-02-27,Blade Runner 2049,2017,https://boxd.it/b8wK
2021-02-28,The Shape of Water,2017,https://boxd.it/dZ5m
2021-03-01,The Texas Chain Saw Massacre,1974,https://boxd.it/1lcS
2021-03-02,Yesterday,2019,https://boxd.it/iF7M
2021-03-02,Old Joy,2006,https://boxd.it/1tIW
2021-03-03,Following,1998,https://boxd.it/1Tj4
2021-03-03,Back to the Future,1985,https://boxd.it/2b8e
2021-03-04,The Double Life of Véronique,1991,https://boxd.it/28va
2021-03-05,Badlands,1973,https://boxd.it/25Fm
2021-03-06,Black Mirror: Shut Up and Dance,2016,https://boxd.it/hRRq
2021-03-06,Black Mirror: Nosedive,2016,https://boxd.it/hK9G
2021-03-06,The Lure,2015,https://boxd.it/d3mE
2021-03-06,The Truman Show,1998,https://boxd.it/18U8
2021-03-07,Twilight,2008,https://boxd.it/1Zui
2021-03-07,Little Miss Sunshine,2006,https://boxd.it/29EW
2021-03-07,We Bare Bears: The Movie,2020,https://boxd.it/pg7m
2021-03-08,Minari,2020,https://boxd.it/mL9M
2021-03-08,Slow West,2015,https://boxd.it/6CwK
2021-03-09,Black Mirror: Playtest,2016,https://boxd.it/hRR6
2021-03-09,Black Mirror: San Junipero,2016,https://boxd.it/k4aS
2021-03-10,Maniac,2018,https://boxd.it/jX9y
2021-03-10,Black Mirror: Men Against Fire,2016,https://boxd.it/hSBS
2021-03-10,Black Mirror: Hated in the Nation,2016,https://boxd.it/hSBI
2021-03-10,WandaVision,2021,https://boxd.it/sbGW
2021-03-11,8½,1963,https://boxd.it/2aqm
2021-03-15,Birdboy: The Forgotten Children,2015,https://boxd.it/cj8w
2021-03-18,The Twilight Saga: New Moon,2009,https://boxd.it/1Hj2
2021-03-19,The Secret Life of Pets 2,2019,https://boxd.it/ewPM
2021-03-20,Turbo,2013,https://boxd.it/2Hzw
2021-03-20,Puss in Boots,2011,https://boxd.it/eL34
2021-03-21,Surf's Up,2007,https://boxd.it/1YKY
2021-03-26,Joker,2019,https://boxd.it/h4cS
2021-03-28,Mr. Peabody & Sherman,2014,https://boxd.it/2TRM
2021-03-31,Bad Trip,2021,https://boxd.it/lgRG
2021-04-01,The Girl with the Dragon Tattoo,2011,https://boxd.it/2Pa
2021-04-02,Godzilla vs. Kong,2021,https://boxd.it/e0qK
2021-04-03,Black Mirror: Crocodile,2017,https://boxd.it/hRoS
2021-04-03,Black Mirror: Arkangel,2017,https://boxd.it/hQXW
2021-04-03,Nostalgia,1983,https://boxd.it/28Qi
2021-04-04,Jennifer's Body,2009,https://boxd.it/1Efw
2021-04-04,The Twilight Saga: Eclipse,2010,https://boxd.it/1ytW
2021-04-05,Tetsuo: The Iron Man,1989,https://boxd.it/ZoM
2021-04-06,Seven Samurai,1954,https://boxd.it/2axi
2021-04-06,After Hours,1985,https://boxd.it/1VfS
2021-04-07,Blood Simple,1984,https://boxd.it/1U16
2021-04-09,I Saw the Devil,2010,https://boxd.it/FaK
2021-04-10,Holy Motors,2012,https://boxd.it/3wai
2021-04-11,Kevin Hart: I'm a Grown Little Man,2009,https://boxd.it/1qMQ
2021-04-12,A Girl Walks Home Alone at Night,2014,https://boxd.it/7nZE
2021-04-13,Normal People,2020,https://boxd.it/q2VY
2021-04-15,Ikiru,1952,https://boxd.it/251c
2021-04-16,Bottle Rocket,1996,https://boxd.it/1PDa
2021-04-25,The Wind Rises,2013,https://boxd.it/4JQS
2021-04-26,The Twilight Saga: Breaking Dawn – Part 1,2011,https://boxd.it/DdM
2021-04-27,Dogtooth,2009,https://boxd.it/158K
2021-04-29,PlayTime,1967,https://boxd.it/1WLK
2021-04-30,The Falcon and the Winter Soldier,2021,https://boxd.it/sbH6
2021-05-01,A Touch of Sin,2013,https://boxd.it/5Fvo
2021-05-02,The Secret of Kells,2009,https://boxd.it/1sMI
2021-05-04,A Boy and His Dog,1975,https://boxd.it/23FO
2021-05-04,Suspiria,1977,https://boxd.it/1SNW
2021-05-05,The Girl Without Hands,2016,https://boxd.it/dThQ
2021-05-05,Interstellar,2014,https://boxd.it/4VZ8
2021-05-06,The Painting,2011,https://boxd.it/3nSA
2021-05-07,"Three Billboards Outside Ebbing, Missouri",2017,https://boxd.it/ceBS
2021-05-10,Tom Segura: Disgraceful,2018,https://boxd.it/hWLi
2021-05-11,The Rider,2017,https://boxd.it/gazw
2021-05-24,Hunger,2008,https://boxd.it/1Wso
2021-05-25,The Twilight Saga: Breaking Dawn – Part 2,2012,https://boxd.it/DdC
2021-05-27,Au Revoir les Enfants,1987,https://boxd.it/288U
2021-06-03,Sicario,2015,https://boxd.it/8i7u
2021-06-04,Bo Burnham: Inside,2021,https://boxd.it/v2uy
2021-06-08,Bo Burnham: Make Happy,2016,https://boxd.it/e436
2021-06-15,Pride & Prejudice,2005,https://boxd.it/24u8
2021-06-23,Luca,2021,https://boxd.it/ipjC
2021-07-19,Pig,2021,https://boxd.it/nzoW
2021-07-23,Cléo from 5 to 7,1962,https://boxd.it/2agm
2021-07-24,Angel's Egg,1985,https://boxd.it/1LeA
2021-07-28,Only Lovers Left Alive,2013,https://boxd.it/4O1U
2021-07-29,Loki,2021,https://boxd.it/sbHg
2021-07-30,The Green Knight,2021,https://boxd.it/kuy2
2021-08-05,Enemy,2013,https://boxd.it/5xtO
2021-08-06,Louise by the Shore,2016,https://boxd.it/eBgC
2021-08-07,The Suicide Squad,2021,https://boxd.it/fw6O
2021-08-25,A Town Called Panic,2009,https://boxd.it/11ki
2021-08-26,The Wolf House,2018,https://boxd.it/i1vE
2021-08-27,Mind Game,2004,https://boxd.it/1Bv2
2021-08-28,Paprika,2006,https://boxd.it/23wW
2021-08-29,The Other Woman,2014,https://boxd.it/5Q3U
2021-09-01,The Spirit of the Beehive,1973,https://boxd.it/24eY
2021-09-09,Bacurau,2019,https://boxd.it/fSUG
2021-09-11,Phoenix,2014,https://boxd.it/7u46
2021-09-13,Evangelion: 1.0 You Are (Not) Alone,2007,https://boxd.it/1MKi
2021-09-16,Evangelion: 2.0 You Can (Not) Advance,2009,https://boxd.it/1zYm
2021-09-23,Evangelion: 3.0 You Can (Not) Redo,2012,https://boxd.it/2BwG
2021-09-24,Evangelion: 3.0+1.0 Thrice Upon a Time,2021,https://boxd.it/8LnQ
2021-09-27,The Host,2006,https://boxd.it/28ZY
2021-09-30,The Discreet Charm of the Bourgeoisie,1972,https://boxd.it/2440
2021-10-07,Titane,2021,https://boxd.it/nlQC
2021-10-14,Raw,2016,https://boxd.it/dLd2
2021-10-23,The Game,1997,https://boxd.it/26vC
2021-10-25,Annette,2021,https://boxd.it/f0RS
2021-10-26,The Descent,2005,https://boxd.it/1YNy
2021-10-27,Squid Game,2021,https://boxd.it/x1OG
2021-10-28,Dune,2021,https://boxd.it/fA7G
2021-11-08,Ran,1985,https://boxd.it/1Tlu
2021-11-11,Her,2013,https://boxd.it/4O24
2021-11-12,(500) Days of Summer,2009,https://boxd.it/1EmM
2021-11-16,ParaNorman,2012,https://boxd.it/2FuY
2021-11-27,No Time to Die,2021,https://boxd.it/cPX2
2021-12-04,The Hunt,2012,https://boxd.it/3wEC
2021-12-06,Uncle Boonmee Who Can Recall His Past Lives,2010,https://boxd.it/168Q
2021-12-10,Satantango,1994,https://boxd.it/1j9M
2021-12-21,Spider-Man: No Way Home,2021,https://boxd.it/nwRw
2021-12-28,The Tree of Life,2011,https://boxd.it/1Zu8
2022-01-01,Licorice Pizza,2021,https://boxd.it/qTKY
2022-01-04,Shang-Chi and the Legend of the Ten Rings,2021,https://boxd.it/kLDI
2022-01-11,Venom: Let There Be Carnage,2021,https://boxd.it/llco
2022-01-13,Zola,2020,https://boxd.it/jEWQ
2022-01-21,Onward,2020,https://boxd.it/io92
2022-01-23,Drive My Car,2021,https://boxd.it/sv94
2022-02-01,The Alpinist,2021,https://boxd.it/psEM
2022-02-05,The Amazing Spider-Man,2012,https://boxd.it/27PI
2022-02-14,The Ice Age Adventures of Buck Wild,2022,https://boxd.it/t7Ou
2022-02-25,The Power of the Dog,2021,https://boxd.it/m99E
2022-03-03,The Night of the Hunter,1955,https://boxd.it/25HW
2022-03-10,Saw,2004,https://boxd.it/2aWW
2022-03-11,The Batman,2022,https://boxd.it/eDGs
2022-03-19,Hilda and the Mountain King,2021,https://boxd.it/tHmQ
2022-03-28,Turning Red,2022,https://boxd.it/ipkq
2022-04-10,The Purge: Anarchy,2014,https://boxd.it/71zk
2022-04-16,Irreversible,2002,https://boxd.it/29as
2022-04-17,Save the Green Planet!,2003,https://boxd.it/1Uco
2022-04-17,Josep,2020,https://boxd.it/poN6
2022-04-20,The Hand of God,2021,https://boxd.it/r5uI
2022-04-27,The Northman,2022,https://boxd.it/nK2s
2022-05-01,My Friend Dahmer,2017,https://boxd.it/fQ7W
2022-05-06,Inside,2007,https://boxd.it/1QqG
2022-05-13,Shiva Baby,2020,https://boxd.it/oIv0
2022-05-15,Possessor,2020,https://boxd.it/fsJW
2022-05-15,Re-Animator,1985,https://boxd.it/28hM
2022-05-16,The Beyond,1981,https://boxd.it/1FtY
2022-05-16,Charlie Says,2018,https://boxd.it/gUKA
2022-05-18,Ex Machina,2015,https://boxd.it/7T2k
2022-05-19,Antichrist,2009,https://boxd.it/1Inu
2022-05-20,Knife+Heart,2018,https://boxd.it/h5ko
2022-05-20,Kiki's Delivery Service,1989,https://boxd.it/1JAY
2022-05-22,Don't F**k with Cats: Hunting an Internet Killer,2019,https://boxd.it/oqjq
2022-05-24,Oldboy,2013,https://boxd.it/35AS
2022-05-27,Sorry to Bother You,2018,https://boxd.it/f21E
2022-05-29,Premonition,2007,https://boxd.it/1Xqe
2022-06-02,Columbus,2017,https://boxd.it/eCuA
2022-06-03,The French Dispatch,2021,https://boxd.it/jLP8
2022-06-05,The House,2022,https://boxd.it/yVza
2022-06-06,Jackass 4.5,2022,https://boxd.it/vfTm
2022-06-06,The Dirt,2019,https://boxd.it/aGN4
2022-06-08,The Summit of the Gods,2021,https://boxd.it/qFIu
2022-06-11,Norm Macdonald: Nothing Special,2022,https://boxd.it/AOEG
2022-06-13,Corpse Bride,2005,https://boxd.it/24WQ
2022-06-20,Mad God,2021,https://boxd.it/vVPm
2022-06-24,Wendy and Lucy,2008,https://boxd.it/1Zx2
2022-06-26,Damnation,1988,https://boxd.it/1E28
2022-07-03,Inherent Vice,2014,https://boxd.it/5hla
2022-07-04,Boogie Nights,1997,https://boxd.it/23um
2022-07-10,Breathless,1960,https://boxd.it/2aIK
2022-07-11,Thor: Love and Thunder,2022,https://boxd.it/mMAY
2022-07-15,Forgotten,2017,https://boxd.it/hAJE
2022-07-16,Hard to Be a God,2013,https://boxd.it/3Ido
2022-07-20,Ugetsu,1953,https://boxd.it/1NyM
2022-07-23,Aniara,2018,https://boxd.it/hUMe
2022-07-27,Ocean Waves,1993,https://boxd.it/1CtQ
2022-07-28,Tales from Earthsea,2006,https://boxd.it/17ae
2022-08-04,Don't Look Up,2021,https://boxd.it/o0Hc
2022-08-08,Top Gun,1986,https://boxd.it/29JC
2022-08-08,"tick, tick...BOOM!",2021,https://boxd.it/jz2e
2022-08-12,Freddy Got Fingered,2001,https://boxd.it/1QGk
2022-08-12,Dumb and Dumber To,2014,https://boxd.it/3qPk
2022-08-15,Angst,1983,https://boxd.it/1G46
2022-08-17,Everything Everywhere All at Once,2022,https://boxd.it/jUk4
2022-08-20,Prey,2022,https://boxd.it/sNBU
2022-08-20,Inside the Mind of a Cat,2022,https://boxd.it/BV14
2022-08-21,Safer at Home,2021,https://boxd.it/tOTW
2022-08-23,Marrowbone,2017,https://boxd.it/dZVC
2022-08-26,Anomalisa,2015,https://boxd.it/97TE
2022-08-28,Marcel the Shell with Shoes On,2021,https://boxd.it/wMAk
2022-08-30,Color Adjustment,1992,https://boxd.it/6dl8
2022-09-04,Shame,2011,https://boxd.it/2CxU
2022-09-06,Incantation,2022,https://boxd.it/wFiI
2022-09-06,The Darjeeling Limited,2007,https://boxd.it/24as
2022-09-08,Secret Sunshine,2007,https://boxd.it/27CY
2022-09-16,Barbarian,2022,https://boxd.it/yohi
2022-09-21,Slaying the Dragon: Reloaded,2011,https://boxd.it/uu8y
2022-09-27,Petite Maman,2021,https://boxd.it/s6je
2022-09-29,Cam,2018,https://boxd.it/iWvG
2022-10-17,"Synecdoche, New York",2008,https://boxd.it/23zw
2022-10-21,We Are the Flesh,2016,https://boxd.it/da30
2022-10-24,Us,2019,https://boxd.it/gnV6
2022-10-24,Memories of Murder,2003,https://boxd.it/1TSo
2022-10-31,A Field in England,2013,https://boxd.it/5tmk
2022-11-02,Kill List,2011,https://boxd.it/2z4g
2022-11-12,The Perks of Being a Wallflower,2012,https://boxd.it/2ZA8
2022-11-14,Fall,2022,https://boxd.it/Bf6G
2022-11-14,Our Idiot Brother,2011,https://boxd.it/hac
2022-11-16,Crimes of the Future,2022,https://boxd.it/uTuY
2022-11-22,Nope,2022,https://boxd.it/sDCe
2022-11-22,Dororo,2019,https://boxd.it/py3W
2022-11-22,Jungle,2017,https://boxd.it/dCpo
2022-11-22,mother!,2017,https://boxd.it/dgRU
2022-11-23,The Menu,2022,https://boxd.it/lScm
2022-11-25,The Impossible,2012,https://boxd.it/2N9k
2022-12-03,ONI: Thunder God's Tale,2022,https://boxd.it/Dj5Q
2022-12-13,Decision to Leave,2022,https://boxd.it/qp9e
2022-12-15,Guillermo del Toro's Pinocchio,2022,https://boxd.it/kjMW
2022-12-17,Wendell & Wild,2022,https://boxd.it/iwtu
2022-12-17,Emily the Criminal,2022,https://boxd.it/wBOq
2022-12-17,Top Gun: Maverick,2022,https://boxd.it/cjr4
2022-12-17,Bodies Bodies Bodies,2022,https://boxd.it/iRcE
2022-12-17,Bullet Train,2022,https://boxd.it/qW26
2022-12-20,Between Two Ferns: The Movie,2019,https://boxd.it/lw9g
2022-12-26,Prisoners,2013,https://boxd.it/4E5i
2022-12-27,Aftersun,2022,https://boxd.it/Arw0
2023-01-01,Babylon,2022,https://boxd.it/mM02
2023-01-05,Glass Onion,2022,https://boxd.it/oCkK
2023-01-11,White Noise,2022,https://boxd.it/rXgK
2023-01-12,Oldboy,2003,https://boxd.it/29R2
2023-01-19,Tenet,2020,https://boxd.it/leq4
2023-01-20,Big Time Adolescence,2019,https://boxd.it/jFke
2023-01-22,Puss in Boots: The Last Wish,2022,https://boxd.it/aaie
2023-01-26,All Quiet on the Western Front,2022,https://boxd.it/H08
2023-01-26,Tangled,2010,https://boxd.it/15gO
2023-01-29,Infinity Pool,2023,https://boxd.it/oPSK
2023-02-08,Minions: The Rise of Gru,2022,https://boxd.it/fz9w
2023-02-09,Singin' in the Rain,1952,https://boxd.it/29oY
2023-02-12,The Voices,2014,https://boxd.it/7b3S
2023-02-24,Kingsman: The Golden Circle,2017,https://boxd.it/buJm
2023-02-24,Phase IV,1974,https://boxd.it/iDY
2023-03-19,Ritual,2000,https://boxd.it/14z6
2023-03-20,Eureka,2000,https://boxd.it/16TC
2023-03-23,Inside,2023,https://boxd.it/AagY
2023-03-28,The Waterboy,1998,https://boxd.it/1VHi
2023-03-30,John Wick: Chapter 4,2023,https://boxd.it/mh48
2023-04-09,Bones and All,2022,https://boxd.it/tLd4
2023-04-13,BEEF,2023,https://boxd.it/FPsm
2023-04-24,Game Night,2018,https://boxd.it/fRtu
2023-04-25,TÁR,2022,https://boxd.it/uNIA
2023-05-13,Memento,2000,https://boxd.it/2bcK
2023-05-13,Argo,2012,https://boxd.it/2czU
2023-05-16,The Fly,1986,https://boxd.it/1YIe
2023-05-25,Guardians of the Galaxy Vol. 3,2023,https://boxd.it/fVNI
2023-06-13,Grown Ups,2010,https://boxd.it/169a
2023-07-02,The Watch,2012,https://boxd.it/2MZk
2023-07-02,Hot Summer Nights,2017,https://boxd.it/bFIE
2023-07-07,The Worst Person in the World,2021,https://boxd.it/oyws
2023-07-13,Fury,2014,https://boxd.it/6JwC
2023-07-14,Indiana Jones and the Dial of Destiny,2023,https://boxd.it/b8vM
2023-07-19,Annihilation,2018,https://boxd.it/9yzm
2023-07-19,Synchronic,2019,https://boxd.it/k3M2
2023-07-21,Vivarium,2019,https://boxd.it/gmVE
2023-08-03,Oppenheimer,2023,https://boxd.it/wUow
2023-08-05,ERASED,2016,https://boxd.it/px1A
2023-08-06,Cyberpunk: Edgerunners,2022,https://boxd.it/COP4
2023-08-10,Sonny Boy,2021,https://boxd.it/vYTQ
2023-08-11,Barbie,2023,https://boxd.it/bCLK
2023-08-17,Rubber,2010,https://boxd.it/P2m
2023-08-24,Steins;Gate,2011,https://boxd.it/psNE
2023-09-10,Kick-Ass,2010,https://boxd.it/1zaQ
2023-09-11,Dredd,2012,https://boxd.it/GZE
2023-10-02,The Rat Catcher,2023,https://boxd.it/Is8a
2023-10-02,The Wonderful Story of Henry Sugar,2023,https://boxd.it/yNyo
2023-10-02,The Proposal,2009,https://boxd.it/1HiS
2023-10-04,Poison,2023,https://boxd.it/Is7Q
2023-10-08,Saw II,2005,https://boxd.it/2aRs
2023-10-08,Saw III,2006,https://boxd.it/2aRC
2023-10-15,Mission: Impossible – Dead Reckoning Part One,2023,https://boxd.it/l7zS
2023-10-16,Saw IV,2007,https://boxd.it/29Sa
2023-10-16,Monster Inside: America's Most Extreme Haunted House,2023,https://boxd.it/IjPE
2023-10-22,Saw V,2008,https://boxd.it/1SMa
2023-10-22,Saw VI,2009,https://boxd.it/1A2y
2023-10-27,Saw 3D,2010,https://boxd.it/Znk
2023-10-30,Five Nights at Freddy's,2023,https://boxd.it/ikHu
2023-11-01,Zombie for Sale,2019,https://boxd.it/kZX8
2023-11-05,High and Low,1963,https://boxd.it/1RSc
2023-11-07,Killers of the Flower Moon,2023,https://boxd.it/gHp0
2023-11-13,Fool's Paradise,2023,https://boxd.it/kdC2
2023-11-19,No Hard Feelings,2023,https://boxd.it/xouu
2023-11-20,Scott Pilgrim Takes Off,2023,https://boxd.it/JLZk
2023-11-20,Triangle of Sadness,2022,https://boxd.it/hXlq
2023-11-21,The Umbrellas of Cherbourg,1964,https://boxd.it/22fK
2023-11-22,The Founder,2016,https://boxd.it/9XwM
2023-11-22,News from Home,1976,https://boxd.it/34TO
2023-11-23,Perfect Blue,1997,https://boxd.it/1W7A
2023-11-23,After Yang,2021,https://boxd.it/lx5a
2023-11-24,Mommy,2014,https://boxd.it/7Uau
2023-11-25,Incendies,2010,https://boxd.it/Msm
2023-11-26,Nimona,2023,https://boxd.it/Aiyc
2023-11-27,Antiporno,2016,https://boxd.it/eDjy
2023-12-03,The Hunger Games: The Ballad of Songbirds & Snakes,2023,https://boxd.it/pZCY
2023-12-06,Primal,2019,https://boxd.it/nJo8
2023-12-10,Masterminds,2016,https://boxd.it/6mTe
2023-12-12,Red Rocket,2021,https://boxd.it/sGpi
2023-12-12,Lux Æterna,2019,https://boxd.it/m6b8
2023-12-16,Chicken Run: Dawn of the Nugget,2023,https://boxd.it/iTww
2023-12-16,The Super Mario Bros. Movie,2023,https://boxd.it/i8C8
2023-12-17,Possession,1981,https://boxd.it/1BPm
2023-12-17,The Cranes Are Flying,1957,https://boxd.it/169Y
2023-12-18,12 Angry Men,1957,https://boxd.it/2auI
2023-12-19,Sexy Beast,2000,https://boxd.it/1SZS
2023-12-20,The Boy and the Heron,2023,https://boxd.it/ipeM
2023-12-21,Black Swan,2010,https://boxd.it/Sw0
